--
-- Data for Name: brands; Type: TABLE DATA; Schema: public; Owner: postgres
--

INSERT INTO "public"."brands" ("id", "created_at", "name", "logo_url", "logo_url_without_background", "cover_url") VALUES
	(4, '2024-01-02 20:58:07.689594+00', 'Mango', '/brands/logos/mango.png', '/brands/transparent_logos/mango.png', '/brands/covers/mango.png'),
	(3, '2024-01-02 20:58:00.204811+00', 'Pull&Bear', '/brands/logos/pull&bear.png', '/brands/transparent_logos/pull&bear.png', '/brands/covers/pull&bear.png'),
	(10, '2024-01-03 10:31:33.034587+00', 'Tommy Hilfiger', '/brands/logos/tommy_hilfiger.png', '/brands/transparent_logos/tommy_hilfiger.png', '/brands/covers/tommy_hilfiger.png'),
	(1, '2024-01-02 20:57:38.561098+00', 'Puma', '/brands/logos/puma.png', '/brands/transparent_logos/puma.png', '/brands/covers/puma.png'),
	(8, '2024-01-03 10:30:51.932734+00', 'Nike', '/brands/logos/nike.png', '/brands/transparent_logos/nike.png', '/brands/covers/nike.png'),
	(2, '2024-01-02 20:57:48.46872+00', 'Adidas', '/brands/logos/adidas.png', '/brands/transparent_logos/adidas.png', '/brands/covers/adidas.png'),
	(6, '2024-01-02 20:58:22.540722+00', 'Ellesse', '/brands/logos/ellesse.png', '/brands/transparent_logos/ellesse.png', '/brands/covers/ellesse.png'),
	(5, '2024-01-02 20:58:14.713598+00', 'H&M', '/brands/logos/h&m.png', '/brands/transparent_logos/h&m.png', '/brands/covers/h&m.png'),
	(9, '2024-01-03 10:31:06.966964+00', 'Lacoste', '/brands/logos/lacoste.png', '/brands/transparent_logos/lacoste.png', '/brands/covers/lacoste.png'),
	(7, '2024-01-03 10:30:28.871736+00', 'Lefties', '/brands/logos/lefties.png', '/brands/transparent_logos/lefties.png', '/brands/covers/lefties.png');

--
-- Data for Name: categories; Type: TABLE DATA; Schema: public; Owner: postgres
--

INSERT INTO "public"."categories" ("id", "created_at", "main_category") VALUES
	(25, '2024-01-03 09:52:44.476316+00', '5'),
	(26, '2024-01-03 09:52:44.476316+00', '5'),
	(4, '2024-01-02 21:10:16.540479+00', '1'),
	(27, '2024-01-03 09:52:44.476316+00', '5'),
	(28, '2024-01-03 09:52:44.476316+00', '5'),
	(29, '2024-01-03 09:52:44.476316+00', '5'),
	(30, '2024-01-03 09:52:44.476316+00', '5'),
	(31, '2024-01-03 09:52:44.476316+00', '5'),
	(32, '2024-01-03 09:52:44.476316+00', '5'),
	(33, '2024-01-03 09:52:44.476316+00', '5'),
	(34, '2024-01-03 09:52:44.476316+00', '5'),
	(1, '2024-01-03 09:52:44.476316+00', '1'),
	(2, '2024-01-03 09:52:44.476316+00', '1'),
	(3, '2024-01-03 09:52:44.476316+00', '1'),
	(5, '2024-01-03 09:52:44.476316+00', '1'),
	(6, '2024-01-03 09:52:44.476316+00', '1'),
	(7, '2024-01-03 09:52:44.476316+00', '1'),
	(8, '2024-01-03 09:52:44.476316+00', '1'),
	(9, '2024-01-03 09:52:44.476316+00', '1'),
	(10, '2024-01-03 09:52:44.476316+00', '1'),
	(11, '2024-01-03 09:52:44.476316+00', '2'),
	(12, '2024-01-03 09:52:44.476316+00', '2'),
	(13, '2024-01-03 09:52:44.476316+00', '2'),
	(14, '2024-01-03 09:52:44.476316+00', '2'),
	(15, '2024-01-03 09:52:44.476316+00', '3'),
	(16, '2024-01-03 09:52:44.476316+00', '3'),
	(17, '2024-01-03 09:52:44.476316+00', '4'),
	(18, '2024-01-03 09:52:44.476316+00', '4'),
	(19, '2024-01-03 09:52:44.476316+00', '4'),
	(20, '2024-01-03 09:52:44.476316+00', '4'),
	(21, '2024-01-03 09:52:44.476316+00', '5'),
	(22, '2024-01-03 09:52:44.476316+00', '5'),
	(23, '2024-01-03 09:52:44.476316+00', '5'),
	(24, '2024-01-03 09:52:44.476316+00', '5');

--
-- Data for Name: colors; Type: TABLE DATA; Schema: public; Owner: postgres
--

INSERT INTO "public"."colors" ("id", "created_at", "name") VALUES
	(3, '2024-01-03 09:39:26.756694+00', 'Preto'),
	(4, '2024-01-03 09:39:26.756694+00', 'Azul'),
	(5, '2024-01-03 09:39:26.756694+00', 'Branco'),
	(6, '2024-01-03 09:39:26.756694+00', 'Verde'),
	(7, '2024-01-03 09:39:26.756694+00', 'Bege'),
	(8, '2024-01-03 09:39:26.756694+00', 'Rosa'),
	(9, '2024-01-03 09:39:26.756694+00', 'Cinzento'),
	(10, '2024-01-03 09:39:26.756694+00', 'Vermelho'),
	(11, '2024-01-03 09:39:26.756694+00', 'Castanho'),
	(12, '2024-01-03 09:39:26.756694+00', 'Roxo'),
	(13, '2024-01-03 09:39:26.756694+00', 'Laranja'),
	(14, '2024-01-03 09:39:26.756694+00', 'Amarelo'),
	(15, '2024-01-03 09:39:26.756694+00', 'Ouro'),
	(16, '2024-01-03 09:39:26.756694+00', 'Prata'),
	(17, '2024-01-03 09:39:26.756694+00', 'Mistura de cores');


--
-- Data for Name: conditions; Type: TABLE DATA; Schema: public; Owner: postgres
--

INSERT INTO "public"."conditions" ("id", "created_at", "name") VALUES
	(1, '2024-01-03 15:05:40.305909+00', 'Novo'),
	(2, '2024-01-03 15:05:46.598884+00', 'Seminovo'),
	(3, '2024-01-03 15:05:54.262693+00', 'Em bom estado');


--
-- Data for Name: products; Type: TABLE DATA; Schema: public; Owner: postgres
--

INSERT INTO "public"."products" ("id", "created_at", "updated_at", "reference", "id_brand", "id_category", "is_sustainable", "views", "name", "is_public", "discount", "gender") VALUES
	(60, '2024-01-17 05:32:57.288882+00', '2024-01-17 05:32:57.288882+00', '2049-E1-asda-3D', 4, 1, false, 0, 'Malha Entrelaçada', true, 0, 0),
	(61, '2024-01-17 05:42:03.479834+00', '2024-01-17 05:42:03.479834+00', '2049-E1-asda-3D', 5, 1, false, 0, 'Malha Glamour', true, 15, 0),
	(62, '2024-01-17 05:49:27.59962+00', '2024-01-17 05:49:27.59962+00', '2049-E1-asdy-3D', 6, 1, false, 0, 'Malha Girly', true, 0, 0),
	(63, '2024-01-17 05:52:56.629323+00', '2024-01-17 05:52:56.629323+00', '2119-E1-asda-3D', 10, 2, true, 0, 'Colete Linear', true, 0, 0),
	(64, '2024-01-17 05:58:10.079934+00', '2024-01-17 05:58:10.079934+00', '2149-E1-asda-3D', 3, 2, false, 0, 'Colete Entrelaçado', true, 0, 0),
	(36, '2024-01-03 11:06:38.52185+00', '2024-01-03 11:06:38.52185+00', '2049-T-asda-3D', 5, 27, false, 1972, 'Leather Belt', true, 0, 1),
	(65, '2024-01-17 06:04:25.984357+00', '2024-01-17 06:04:25.984357+00', '2049-E1-asda-3D', 9, 2, true, 0, 'Colete Bolha', true, 0, 0),
	(66, '2024-01-17 06:07:57.762005+00', '2024-01-17 06:07:57.762005+00', '2049-E1-asda-3D', 7, 3, false, 0, 'Blazer Aberto', true, 20, 0),
	(67, '2024-01-17 06:13:52.752812+00', '2024-01-17 06:13:52.752812+00', '2049-E1-asda-89', 1, 3, false, 0, 'Blazer Oblique', true, 0, 0),
	(68, '2024-01-17 06:17:38.719619+00', '2024-01-17 06:17:38.719619+00', '2666-E1-asda-3D', 8, 3, false, 0, 'Blazer Rebel', true, 0, 0),
	(69, '2024-01-17 06:27:42.213001+00', '2024-01-17 06:27:42.213001+00', '2049-E1-asIO-3D', 2, 4, false, 0, 'Camisola Dreamy', true, 0, 0),
	(70, '2024-01-17 07:01:05.528511+00', '2024-01-17 07:01:05.528511+00', '2909-E1-asda-3D', 6, 4, true, 0, 'Camisola Washington', true, 0, 0),
	(71, '2024-01-17 07:05:31.465363+00', '2024-01-17 07:05:31.465363+00', '2049-E1-farq-3D', 10, 4, false, 0, 'Camisola Simple', true, 30, 0),
	(72, '2024-01-17 07:09:57.788046+00', '2024-01-17 07:09:57.788046+00', '2049-E1-asda-3D', 3, 5, false, 0, 'Casaco Sublime', true, 0, 0),
	(73, '2024-01-17 07:13:14.877579+00', '2024-01-17 07:13:14.877579+00', '2049-E1-asda-3X', 1, 5, false, 0, 'Casaco Delicate', true, 0, 0),
	(74, '2024-01-17 07:18:34.098895+00', '2024-01-17 07:18:34.098895+00', '2049-E1-asda-3D', 2, 5, true, 0, 'Casaco Fluffy', true, 0, 0),
	(75, '2024-01-17 07:24:03.992746+00', '2024-01-17 07:24:03.992746+00', '2049-L1-asda-3D', 4, 6, true, 0, 'T-Shirt Stripes', true, 0, 0),
	(77, '2024-01-17 07:31:01.670975+00', '2024-01-17 07:31:01.670975+00', '2015-E1-alfa-3D', 5, 6, false, 0, 'T-Shirt Classique', true, 0, 0),
	(76, '2024-01-17 07:27:23.483218+00', '2024-01-17 07:27:23.483218+00', '2049-E1-asda-3D', 9, 6, false, 0, 'T-Shirt Fairy', true, 15, 0),
	(78, '2024-01-17 07:37:35.029578+00', '2024-01-17 07:37:35.029578+00', '2049-E1-abya-3D', 9, 7, true, 0, 'Polo Grandma', true, 0, 0),
	(79, '2024-01-17 07:43:10.577672+00', '2024-01-17 07:43:10.577672+00', '2049-E1-asda-LX', 10, 7, false, 0, 'Polo Skirt', true, 10, 0),
	(80, '2024-01-17 07:50:45.716133+00', '2024-01-17 07:50:45.716133+00', '2049-E1-aszy-3D', 4, 8, true, 0, 'Sweatshirt Beauty', true, 0, 0),
	(81, '2024-01-17 07:56:16.625419+00', '2024-01-17 07:56:16.625419+00', '9149-E1-ilga-3D', 9, 8, false, 0, 'Sweatshirt Northern', true, 0, 0),
	(82, '2024-01-17 07:59:23.419838+00', '2024-01-17 07:59:23.419838+00', '2169-X1-aslo-3D', 7, 8, false, 0, 'Sweatshirt Stripes', true, 0, 0),
	(83, '2024-01-17 08:03:19.422558+00', '2024-01-17 08:03:19.422558+00', '2049-E1-l93a-4Y', 2, 8, true, 0, 'Sweatshirt Albania', true, 0, 0),
	(84, '2024-01-17 16:27:41.725448+00', '2024-01-17 16:27:41.725448+00', '2009-E1-asla-3D', 9, 9, false, 0, 'Camisa Elegance', true, 0, 0),
	(85, '2024-01-17 16:32:28.886389+00', '2024-01-17 16:32:28.886389+00', '2049-E1-Lrda-3D', 5, 9, false, 0, 'Camisa Artsy', true, 0, 0),
	(86, '2024-01-17 16:45:06.625896+00', '2024-01-17 16:45:06.625896+00', '2041-K1-lsda-3A', 6, 9, false, 0, 'Camisa Florida', true, 0, 0),
	(87, '2024-01-17 16:53:43.174515+00', '2024-01-17 16:53:43.174515+00', '2049-E1-asda-3D', 4, 10, false, 0, 'Top Wavy', true, 0, 0),
	(88, '2024-01-17 16:58:38.614922+00', '2024-01-17 16:58:38.614922+00', '2049-E1-asda-3D', 10, 10, true, 0, 'Top Cuts', true, 0, 0),
	(89, '2024-01-17 17:03:37.193224+00', '2024-01-17 17:03:37.193224+00', '2049-E1-asda-3D', 9, 10, false, 0, 'Top Écarlate', true, 0, 0),
	(90, '2024-01-17 17:20:16.997993+00', '2024-01-17 17:20:16.997993+00', '2049-E1-asda-3D', 1, 10, false, 0, 'Top Warhol', true, 0, 0),
	(91, '2024-01-17 17:24:29.682515+00', '2024-01-17 17:24:29.682515+00', '2049-E1-asda-3D', 7, 11, false, 0, 'Calças Cairn', true, 15, 0),
	(92, '2024-01-17 17:28:13.967279+00', '2024-01-17 17:28:13.967279+00', '2049-E1-asda-3D', 5, 11, true, 0, 'Calças Washington', true, 0, 0),
	(93, '2024-01-17 17:30:54.093902+00', '2024-01-17 17:30:54.093902+00', '2049-E1-asda-3D', 2, 11, false, 0, 'Calças Diane', true, 0, 0),
	(94, '2024-01-17 17:34:05.435589+00', '2024-01-17 17:34:05.435589+00', '2049-E1-asda-3D', 3, 12, false, 0, 'Calções Alsace', true, 0, 0),
	(95, '2024-01-17 17:36:48.720319+00', '2024-01-17 17:36:48.720319+00', '2049-E1-asda-3D', 10, 12, false, 0, 'Calções Fit', true, 0, 0),
	(96, '2024-01-17 17:40:08.989662+00', '2024-01-17 17:40:08.989662+00', '2049-E1-asda-3D', 4, 12, false, 0, 'Calções Weaving', true, 0, 0),
	(97, '2024-01-17 17:42:39.837546+00', '2024-01-17 17:42:39.837546+00', '2049-E1-asda-3D', 8, 13, false, 0, 'Saia Lines', true, 0, 0),
	(98, '2024-01-17 17:45:27.871954+00', '2024-01-17 17:45:27.871954+00', '2049-E1-asda-3D', 2, 13, false, 0, 'Saia Origins', true, 0, 0),
	(99, '2024-01-17 17:48:12.926688+00', '2024-01-17 17:48:12.926688+00', '2049-E1-asda-3D', 3, 13, false, 0, 'Saia Jungle', true, 25, 0),
	(100, '2024-01-17 17:55:35.006558+00', '2024-01-17 17:55:35.006558+00', '2049-E1-asda-3D', 6, 14, false, 0, 'Leggings Abyss', true, 0, 0),
	(101, '2024-01-17 17:58:39.591082+00', '2024-01-17 17:58:39.591082+00', '2049-E1-asda-3D', 8, 14, false, 0, 'Leggins Justice', true, 20, 0),
	(102, '2024-01-17 18:01:18.070394+00', '2024-01-17 18:01:18.070394+00', '2049-E1-asda-3D', 4, 14, false, 0, 'Leggings Mountain', true, 0, 0),
	(103, '2024-01-17 18:04:16.34107+00', '2024-01-17 18:04:16.34107+00', '2049-E1-asda-3D', 3, 15, true, 0, 'Vestido Camouflage', true, 0, 0),
	(104, '2024-01-17 18:07:46.300367+00', '2024-01-17 18:07:46.300367+00', '2049-E1-asda-3D', 10, 15, false, 0, 'Vestido Longo', true, 0, 0),
	(105, '2024-01-17 18:10:17.327302+00', '2024-01-17 18:10:17.327302+00', '2049-E1-asda-3D', 10, 15, true, 0, 'Vestido Híbrido ', true, 0, 0),
	(106, '2024-01-17 18:12:43.260237+00', '2024-01-17 18:12:43.260237+00', '2049-E1-asda-3D', 7, 16, false, 0, 'Macacão Blade', true, 0, 0),
	(107, '2024-01-17 18:15:30.190323+00', '2024-01-17 18:15:30.190323+00', '2049-E1-asda-3D', 9, 16, true, 0, 'Vestido Floral', true, 30, 0),
	(108, '2024-01-17 18:40:45.375123+00', '2024-01-17 18:40:45.375123+00', '2049-E1-asda-3D', 6, 17, true, 0, 'Sapatilhas Modern', true, 0, 0),
	(109, '2024-01-17 18:44:53.093717+00', '2024-01-17 18:44:53.093717+00', '2049-E1-asda-3D', 1, 17, true, 0, 'Sapatilhas Desportivas', true, 0, 0),
	(110, '2024-01-17 18:47:38.678865+00', '2024-01-17 18:47:38.678865+00', '2049-E1-asda-3D', 10, 17, true, 0, 'Sapatilhas Elegance', true, 0, 0),
	(111, '2024-01-17 18:50:46.577468+00', '2024-01-17 18:50:46.577468+00', '2049-E1-asda-3D', 5, 18, false, 0, 'Sapatos Xadrez', true, 10, 0),
	(112, '2024-01-17 18:52:59.273569+00', '2024-01-17 18:52:59.273569+00', '2049-E1-asda-3D', 7, 18, false, 0, 'Sapatos Cork', true, 15, 0),
	(113, '2024-01-17 18:55:05.750036+00', '2024-01-17 18:55:05.750036+00', '2049-E1-asda-3D', 4, 18, false, 0, 'Sapatos Margarida', true, 0, 0),
	(114, '2024-01-17 18:56:31.384444+00', '2024-01-17 18:56:31.384444+00', '2049-E1-asda-3D', 3, 19, false, 0, 'Botas Rubber', true, 20, 0),
	(115, '2024-01-17 18:58:30.704236+00', '2024-01-17 18:58:30.704236+00', '2049-E1-asda-3D', 8, 19, false, 0, 'Botas Lua', true, 0, 0),
	(116, '2024-01-17 19:02:38.235623+00', '2024-01-17 19:02:38.235623+00', '2049-E1-asda-3D', 1, 19, false, 0, 'Bota Sibéria', true, 0, 0),
	(117, '2024-01-17 19:08:30.422952+00', '2024-01-17 19:08:30.422952+00', '2049-E1-asda-3D', 5, 20, true, 0, 'Sandálias Mother', true, 0, 0),
	(118, '2024-01-17 19:10:38.946307+00', '2024-01-17 19:10:38.946307+00', '2049-E1-asda-3D', 9, 20, true, 0, 'Sandália Cosmos', true, 0, 0),
	(119, '2024-01-17 19:14:00.28454+00', '2024-01-17 19:14:00.28454+00', '2049-E1-asda-3D', 2, 20, false, 0, 'Sandálias Jackson', true, 45, 0),
	(51, '2024-01-03 11:06:38.52185+00', '2024-01-03 11:06:38.52185+00', '2049-I1-asda-3D', 3, 11, false, 1289, 'Denim Jeans', true, 15, 1),
	(14, '2024-01-03 11:06:38.52185+00', '2024-01-03 11:06:38.52185+00', '2049-X-asda-3D', 5, 9, false, 1587, NULL, true, 0, 1),
	(44, '2024-01-03 11:06:38.52185+00', '2024-01-03 11:06:38.52185+00', '2049-B1-asda-3D', 5, 28, false, 1034, NULL, true, 0, 1),
	(28, '2024-01-03 11:06:38.52185+00', '2024-01-03 11:06:38.52185+00', '2049-L-asda-3D', 7, 29, false, 1824, NULL, true, 0, 1),
	(49, '2024-01-03 11:06:38.52185+00', '2024-01-03 11:06:38.52185+00', '2049-G1-asda-3D', 10, 18, false, 1613, NULL, true, 15, 1),
	(52, '2024-01-03 11:06:38.52185+00', '2024-01-03 11:06:38.52185+00', '2049-J1-asda-3D', 5, 29, false, 1867, NULL, true, 0, 1),
	(43, '2024-01-03 11:06:38.52185+00', '2024-01-03 11:06:38.52185+00', '2049-A1-asda-3D', 3, 19, false, 1665, 'High-Waisted Jeans', true, 0, 1),
	(30, '2024-01-03 11:06:38.52185+00', '2024-01-03 11:06:38.52185+00', '2049-N-asda-3D', 8, 20, false, 2030, 'Running Shoes', true, 0, 1),
	(38, '2024-01-03 11:06:38.52185+00', '2024-01-03 11:06:38.52185+00', '2049-V-asda-3D', 7, 31, false, 1097, NULL, true, 0, 1),
	(23, '2024-01-03 11:06:38.52185+00', '2024-01-03 11:06:38.52185+00', '2049-G-asda-3D', 10, 30, false, 809, NULL, true, 0, 1),
	(45, '2024-01-03 11:06:38.52185+00', '2024-01-03 11:06:38.52185+00', '2049-C1-asda-3D', 2, 1, false, 1265, 'Sweatshirt', true, 0, 1),
	(39, '2024-01-03 11:06:38.52185+00', '2024-01-03 11:06:38.52185+00', '2049-W-asda-3D', 4, 2, false, 1239, NULL, true, 0, 1),
	(24, '2024-01-03 11:06:38.52185+00', '2024-01-03 11:06:38.52185+00', '2049-H-asda-3D', 1, 5, true, 2007, 'Classic White Shirt', true, 0, 1),
	(53, '2024-01-03 11:06:38.52185+00', '2024-01-03 11:06:38.52185+00', '2049-K1-asda-3D', 2, 3, false, 920, NULL, true, 0, 1),
	(58, '2024-01-03 11:06:38.52185+00', '2024-01-03 11:06:38.52185+00', '2049-P1-asda-3D', 1, 6, false, 1836, NULL, true, 0, 1),
	(34, '2024-01-03 11:06:38.52185+00', '2024-01-03 11:06:38.52185+00', '2049-R-asda-3D', 10, 7, false, 1873, NULL, true, 0, 1),
	(42, '2024-01-03 11:06:38.52185+00', '2024-01-03 11:06:38.52185+00', '2049-Z1-asda-3D', 1, 8, false, 2013, NULL, true, 5, 1),
	(48, '2024-01-03 11:06:38.52185+00', '2024-01-03 11:06:38.52185+00', '2049-F1-asda-3D', 9, 9, false, 2022, 'Chinos', true, 0, 1),
	(32, '2024-01-03 11:06:38.52185+00', '2024-01-03 11:06:38.52185+00', '2049-P-asda-3D', 1, 10, false, 1018, NULL, true, 0, 1),
	(56, '2024-01-03 11:06:38.52185+00', '2024-01-03 11:06:38.52185+00', '2049-N1-asda-3D', 8, 10, false, 1087, NULL, true, 50, 1),
	(19, '2024-01-03 11:06:38.52185+00', '2024-01-03 11:06:38.52185+00', '2049-C-asda-3D', 1, 6, false, 1645, NULL, true, 0, 1),
	(37, '2024-01-03 11:06:38.52185+00', '2024-01-03 11:06:38.52185+00', '2049-U-asda-3D', 2, 15, false, 1624, 'Casual Sweatshirt', true, 0, 1),
	(22, '2024-01-03 11:06:38.52185+00', '2024-01-03 11:06:38.52185+00', '2049-F-asda-3D', 9, 12, false, 1879, NULL, true, 0, 1),
	(27, '2024-01-03 11:06:38.52185+00', '2024-01-03 11:06:38.52185+00', '2049-K-asda-3D', 2, 11, false, 1276, 'Denim Jacket', true, 0, 1),
	(59, '2024-01-03 11:06:38.52185+00', '2024-01-03 11:06:38.52185+00', '2049-Q1-asda-3D', 9, 12, false, 891, NULL, true, 0, 1),
	(47, '2024-01-03 11:06:38.52185+00', '2024-01-03 11:06:38.52185+00', '2049-E1-asda-3D', 4, 13, false, 865, NULL, true, 25, 1),
	(17, '2024-01-03 11:06:38.52185+00', '2024-01-03 11:06:38.52185+00', '2049-A-asda-3D', 2, 13, false, 876, NULL, true, 0, 1),
	(21, '2024-01-03 11:06:38.52185+00', '2024-01-03 11:06:38.52185+00', '2049-E-asda-3D', 6, 14, false, 1212, 'Athletic Shorts', true, 0, 1),
	(57, '2024-01-03 11:06:38.52185+00', '2024-01-03 11:06:38.52185+00', '2049-O1-asda-3D', 6, 24, false, 1248, 'Printed Shirt', true, 0, 1),
	(35, '2024-01-03 11:06:38.52185+00', '2024-01-03 11:06:38.52185+00', '2049-S-asda-3D', 3, 16, false, 834, NULL, true, 0, 1),
	(54, '2024-01-03 11:06:38.52185+00', '2024-01-03 11:06:38.52185+00', '2049-L1-asda-3D', 7, 20, false, 1998, 'Hiking Boots', true, 0, 1),
	(40, '2024-01-03 11:06:38.52185+00', '2024-01-03 11:06:38.52185+00', '2049-X1-asda-3D', 8, 21, false, 1890, 'Polo Shirt', true, 0, 1),
	(20, '2024-01-03 11:06:38.52185+00', '2024-01-03 11:06:38.52185+00', '2049-D-asda-3D', 4, 22, false, 1056, NULL, true, 20, 1),
	(46, '2024-01-03 11:06:38.52185+00', '2024-01-03 11:06:38.52185+00', '2049-D1-asda-3D', 7, 23, false, 1805, NULL, true, 10, 1),
	(25, '2024-01-03 11:06:38.52185+00', '2024-01-03 11:06:38.52185+00', '2049-I-asda-3D', 3, 17, false, 1683, NULL, true, 35, 1),
	(29, '2024-01-03 11:06:38.52185+00', '2024-01-03 11:06:38.52185+00', '2049-M-asda-3D', 4, 3, true, 894, NULL, true, 15, 1),
	(50, '2024-01-03 11:06:38.52185+00', '2024-01-03 11:06:38.52185+00', '2049-H1-asda-3D', 1, 25, false, 1076, NULL, true, 35, 1),
	(26, '2024-01-03 11:06:38.52185+00', '2024-01-03 11:06:38.52185+00', '2049-J-asda-3D', 5, 25, false, 1092, NULL, true, 0, 1),
	(16, '2024-01-03 11:06:38.52185+00', '2024-01-03 11:06:38.52185+00', '2049-Z-asda-3D', 7, 26, false, 1892, NULL, true, 20, 1),
	(18, '2024-01-03 11:06:38.52185+00', '2024-01-03 11:06:38.52185+00', '2049-B-asda-3D', 8, 32, true, 2043, 'Comfort Fit Jeans', true, 5, 1),
	(55, '2024-01-03 11:06:38.52185+00', '2024-01-03 11:06:38.52185+00', '2049-M1-asda-3D', 4, 34, false, 1574, 'Cardigan', true, 0, 1),
	(41, '2024-01-03 11:06:38.52185+00', '2024-01-03 11:06:38.52185+00', '2049-Y1-asda-3D', 6, 33, false, 897, NULL, true, 0, 1),
	(15, '2024-01-03 11:06:38.52185+00', '2024-01-03 11:06:38.52185+00', '2049-Y-asda-3D', 3, 18, false, 1234, NULL, true, 0, 1),
	(31, '2024-01-03 11:06:38.52185+00', '2024-01-03 11:06:38.52185+00', '2049-O-asda-3D', 6, 34, false, 1556, NULL, true, 0, 1),
	(33, '2024-01-03 11:06:38.52185+00', '2024-01-03 11:06:38.52185+00', '2049-Q-asda-3D', 9, 24, false, 1256, 'Striped Sweater', true, 10, 1);


--
-- Data for Name: sizes; Type: TABLE DATA; Schema: public; Owner: postgres
--

INSERT INTO "public"."sizes" ("id", "created_at", "type", "size") VALUES
	(1, '2024-01-03 09:30:16.648567+00', 'Roupa', 'XXS'),
	(2, '2024-01-03 09:30:16.648567+00', 'Roupa', 'XS'),
	(3, '2024-01-03 09:30:16.648567+00', 'Roupa', 'S'),
	(4, '2024-01-03 09:30:16.648567+00', 'Roupa', 'M'),
	(5, '2024-01-03 09:30:16.648567+00', 'Roupa', 'L'),
	(6, '2024-01-03 09:30:16.648567+00', 'Roupa', 'XL'),
	(7, '2024-01-03 09:30:16.648567+00', 'Roupa', 'XXL'),
	(8, '2024-01-03 09:30:16.648567+00', 'Roupa', 'XXXL'),
	(9, '2024-01-03 09:30:16.648567+00', 'Roupa', '4XL'),
	(10, '2024-01-03 09:30:16.648567+00', 'Roupa', '5XL'),
	(11, '2024-01-03 09:30:16.648567+00', 'Roupa', '6XL'),
	(12, '2024-01-03 09:30:16.648567+00', 'Roupa', '8XL'),
	(13, '2024-01-03 09:30:16.648567+00', 'Roupa', '9XL'),
	(14, '2024-01-03 09:33:58.186212+00', 'Calçado', '34'),
	(15, '2024-01-03 09:33:58.186212+00', 'Calçado', '35'),
	(16, '2024-01-03 09:33:58.186212+00', 'Calçado', '36'),
	(17, '2024-01-03 09:33:58.186212+00', 'Calçado', '37'),
	(18, '2024-01-03 09:33:58.186212+00', 'Calçado', '38'),
	(19, '2024-01-03 09:33:58.186212+00', 'Calçado', '39'),
	(20, '2024-01-03 09:33:58.186212+00', 'Calçado', '40'),
	(21, '2024-01-03 09:33:58.186212+00', 'Calçado', '41'),
	(22, '2024-01-03 09:33:58.186212+00', 'Calçado', '42'),
	(23, '2024-01-03 09:33:58.186212+00', 'Calçado', '43'),
	(24, '2024-01-03 09:33:58.186212+00', 'Calçado', '44'),
	(25, '2024-01-03 09:33:58.186212+00', 'Calçado', '45'),
	(26, '2024-01-03 09:33:58.186212+00', 'Calçado', '46'),
	(27, '2024-01-03 09:33:58.186212+00', 'Calçado', '47'),
	(28, '2024-01-03 09:33:58.186212+00', 'Calçado', '48'),
	(29, '2024-01-03 09:34:58.774739+00', 'Calças', '25'),
	(30, '2024-01-03 09:34:58.774739+00', 'Calças', '26'),
	(31, '2024-01-03 09:34:58.774739+00', 'Calças', '27'),
	(32, '2024-01-03 09:34:58.774739+00', 'Calças', '28'),
	(33, '2024-01-03 09:34:58.774739+00', 'Calças', '29'),
	(34, '2024-01-03 09:34:58.774739+00', 'Calças', '30'),
	(35, '2024-01-03 09:34:58.774739+00', 'Calças', '31'),
	(36, '2024-01-03 09:34:58.774739+00', 'Calças', '32'),
	(37, '2024-01-03 09:34:58.774739+00', 'Calças', '33'),
	(38, '2024-01-03 09:34:58.774739+00', 'Calças', '34'),
	(39, '2024-01-03 09:34:58.774739+00', 'Calças', '35'),
	(40, '2024-01-03 09:34:58.774739+00', 'Calças', '36'),
	(41, '2024-01-03 09:34:58.774739+00', 'Calças', '37'),
	(42, '2024-01-03 09:34:58.774739+00', 'Calças', '38');


--
-- Data for Name: offers; Type: TABLE DATA; Schema: public; Owner: postgres
--

INSERT INTO "public"."offers" ("id", "created_at", "updated_at", "price", "qty", "id_product", "id_color", "id_size", "id_condition") VALUES
	(319, '2024-01-03 15:08:29.812695+00', '2024-01-03 15:08:29.812695+00', 30.99, 15, 14, 7, 15, 2),
	(320, '2024-01-03 15:08:29.812695+00', '2024-01-03 15:08:29.812695+00', 36.99, 30, 14, 12, 28, 3),
	(321, '2024-01-03 15:08:29.812695+00', '2024-01-03 15:08:29.812695+00', 23.99, 25, 15, 4, 2, 1),
	(322, '2024-01-03 15:08:29.812695+00', '2024-01-03 15:08:29.812695+00', 28.99, 18, 15, 9, 19, 2),
	(323, '2024-01-03 15:08:29.812695+00', '2024-01-03 15:08:29.812695+00', 32.99, 40, 16, 6, 10, 1),
	(325, '2024-01-03 15:08:29.812695+00', '2024-01-03 15:08:29.812695+00', 34.99, 35, 16, 16, 32, 3),
	(326, '2024-01-03 15:08:29.812695+00', '2024-01-03 15:08:29.812695+00', 22.99, 22, 17, 5, 7, 1),
	(327, '2024-01-03 15:08:29.812695+00', '2024-01-03 15:08:29.812695+00', 40.99, 5, 17, 8, 22, 2),
	(328, '2024-01-03 15:08:29.812695+00', '2024-01-03 15:08:29.812695+00', 37.99, 28, 17, 13, 27, 3),
	(329, '2024-01-03 15:08:29.812695+00', '2024-01-03 15:08:29.812695+00', 33.99, 15, 17, 17, 42, 1),
	(330, '2024-01-03 15:08:29.812695+00', '2024-01-03 15:08:29.812695+00', 27.99, 18, 18, 7, 15, 2),
	(335, '2024-01-03 15:08:29.812695+00', '2024-01-03 15:08:29.812695+00', 35.99, 15, 18, 8, 22, 1),
	(332, '2024-01-03 15:08:29.812695+00', '2024-01-03 15:08:29.812695+00', 29.99, 12, 18, 9, 19, 1),
	(331, '2024-01-03 15:08:29.812695+00', '2024-01-03 15:08:29.812695+00', 34.99, 30, 18, 12, 28, 3),
	(336, '2024-01-03 15:08:29.812695+00', '2024-01-03 15:08:29.812695+00', 30.99, 20, 18, 13, 27, 2),
	(334, '2024-01-03 15:08:29.812695+00', '2024-01-03 15:08:29.812695+00', 32.99, 25, 18, 16, 32, 3),
	(337, '2024-01-03 15:08:29.812695+00', '2024-01-03 15:08:29.812695+00', 26.99, 20, 19, 3, 1, 1),
	(338, '2024-01-03 15:08:29.812695+00', '2024-01-03 15:08:29.812695+00', 30.99, 15, 19, 7, 15, 2),
	(339, '2024-01-03 15:08:29.812695+00', '2024-01-03 15:08:29.812695+00', 36.99, 30, 19, 12, 28, 3),
	(340, '2024-01-03 15:08:29.812695+00', '2024-01-03 15:08:29.812695+00', 23.99, 25, 20, 4, 2, 1),
	(341, '2024-01-03 15:08:29.812695+00', '2024-01-03 15:08:29.812695+00', 28.99, 18, 20, 9, 19, 2),
	(343, '2024-01-03 15:08:29.812695+00', '2024-01-03 15:08:29.812695+00', 39.99, 10, 21, 11, 21, 2),
	(344, '2024-01-03 15:08:29.812695+00', '2024-01-03 15:08:29.812695+00', 34.99, 35, 21, 16, 32, 3),
	(345, '2024-01-03 15:08:29.812695+00', '2024-01-03 15:08:29.812695+00', 22.99, 22, 22, 5, 7, 1),
	(346, '2024-01-03 15:08:29.812695+00', '2024-01-03 15:08:29.812695+00', 40.99, 5, 22, 8, 22, 2),
	(347, '2024-01-03 15:08:29.812695+00', '2024-01-03 15:08:29.812695+00', 37.99, 28, 22, 13, 27, 3),
	(348, '2024-01-03 15:08:29.812695+00', '2024-01-03 15:08:29.812695+00', 33.99, 15, 22, 17, 42, 1),
	(349, '2024-01-03 15:08:29.812695+00', '2024-01-03 15:08:29.812695+00', 27.99, 18, 23, 7, 15, 2),
	(354, '2024-01-03 15:08:29.812695+00', '2024-01-03 15:08:29.812695+00', 35.99, 15, 23, 8, 22, 1),
	(352, '2024-01-03 15:08:29.812695+00', '2024-01-03 15:08:29.812695+00', 38.99, 8, 23, 11, 21, 2),
	(350, '2024-01-03 15:08:29.812695+00', '2024-01-03 15:08:29.812695+00', 34.99, 30, 23, 12, 28, 3),
	(355, '2024-01-03 15:08:29.812695+00', '2024-01-03 15:08:29.812695+00', 30.99, 20, 23, 13, 27, 2),
	(353, '2024-01-03 15:08:29.812695+00', '2024-01-03 15:08:29.812695+00', 32.99, 25, 23, 16, 32, 3),
	(356, '2024-01-03 15:08:29.812695+00', '2024-01-03 15:08:29.812695+00', 26.99, 20, 24, 3, 1, 1),
	(357, '2024-01-03 15:08:29.812695+00', '2024-01-03 15:08:29.812695+00', 30.99, 15, 24, 7, 15, 2),
	(358, '2024-01-03 15:08:29.812695+00', '2024-01-03 15:08:29.812695+00', 36.99, 30, 24, 12, 28, 3),
	(359, '2024-01-03 15:08:29.812695+00', '2024-01-03 15:08:29.812695+00', 23.99, 25, 25, 4, 2, 1),
	(361, '2024-01-03 15:08:29.812695+00', '2024-01-03 15:08:29.812695+00', 32.99, 40, 26, 6, 10, 1),
	(362, '2024-01-03 15:08:29.812695+00', '2024-01-03 15:08:29.812695+00', 39.99, 10, 26, 11, 21, 2),
	(363, '2024-01-03 15:08:29.812695+00', '2024-01-03 15:08:29.812695+00', 34.99, 35, 26, 16, 32, 3),
	(364, '2024-01-03 15:08:29.812695+00', '2024-01-03 15:08:29.812695+00', 22.99, 22, 27, 5, 7, 1),
	(365, '2024-01-03 15:08:29.812695+00', '2024-01-03 15:08:29.812695+00', 40.99, 5, 27, 8, 22, 2),
	(366, '2024-01-03 15:08:29.812695+00', '2024-01-03 15:08:29.812695+00', 37.99, 28, 27, 13, 27, 3),
	(367, '2024-01-03 15:08:29.812695+00', '2024-01-03 15:08:29.812695+00', 33.99, 15, 27, 17, 42, 1),
	(368, '2024-01-03 15:08:29.812695+00', '2024-01-03 15:08:29.812695+00', 27.99, 18, 28, 7, 15, 2),
	(370, '2024-01-03 15:08:29.812695+00', '2024-01-03 15:08:29.812695+00', 29.99, 12, 28, 9, 19, 1),
	(371, '2024-01-03 15:08:29.812695+00', '2024-01-03 15:08:29.812695+00', 38.99, 8, 28, 11, 21, 2),
	(369, '2024-01-03 15:08:29.812695+00', '2024-01-03 15:08:29.812695+00', 34.99, 30, 28, 12, 28, 3),
	(374, '2024-01-03 15:08:29.812695+00', '2024-01-03 15:08:29.812695+00', 30.99, 20, 28, 13, 27, 2),
	(372, '2024-01-03 15:08:29.812695+00', '2024-01-03 15:08:29.812695+00', 32.99, 25, 28, 16, 32, 3),
	(376, '2024-01-03 15:08:29.812695+00', '2024-01-03 15:08:29.812695+00', 30.99, 15, 29, 7, 15, 2),
	(377, '2024-01-03 15:08:29.812695+00', '2024-01-03 15:08:29.812695+00', 36.99, 30, 29, 12, 28, 3),
	(379, '2024-01-03 15:08:29.812695+00', '2024-01-03 15:08:29.812695+00', 28.99, 18, 30, 9, 19, 2),
	(380, '2024-01-03 15:08:29.812695+00', '2024-01-03 15:08:29.812695+00', 32.99, 40, 31, 6, 10, 1),
	(381, '2024-01-03 15:08:29.812695+00', '2024-01-03 15:08:29.812695+00', 39.99, 10, 31, 11, 21, 2),
	(382, '2024-01-03 15:08:29.812695+00', '2024-01-03 15:08:29.812695+00', 34.99, 35, 31, 16, 32, 3),
	(383, '2024-01-03 15:08:29.812695+00', '2024-01-03 15:08:29.812695+00', 22.99, 22, 32, 5, 7, 1),
	(384, '2024-01-03 15:08:29.812695+00', '2024-01-03 15:08:29.812695+00', 40.99, 5, 32, 8, 22, 2),
	(385, '2024-01-03 15:08:29.812695+00', '2024-01-03 15:08:29.812695+00', 37.99, 28, 32, 13, 27, 3),
	(386, '2024-01-03 15:08:29.812695+00', '2024-01-03 15:08:29.812695+00', 33.99, 15, 32, 17, 42, 1),
	(392, '2024-01-03 15:08:29.812695+00', '2024-01-03 15:08:29.812695+00', 35.99, 15, 33, 8, 22, 1),
	(389, '2024-01-03 15:08:29.812695+00', '2024-01-03 15:08:29.812695+00', 29.99, 12, 33, 9, 19, 1),
	(390, '2024-01-03 15:08:29.812695+00', '2024-01-03 15:08:29.812695+00', 38.99, 8, 33, 11, 21, 2),
	(388, '2024-01-03 15:08:29.812695+00', '2024-01-03 15:08:29.812695+00', 34.99, 30, 33, 12, 28, 3),
	(393, '2024-01-03 15:08:29.812695+00', '2024-01-03 15:08:29.812695+00', 30.99, 20, 33, 13, 27, 2),
	(391, '2024-01-03 15:08:29.812695+00', '2024-01-03 15:08:29.812695+00', 32.99, 25, 33, 16, 32, 3),
	(394, '2024-01-03 15:08:29.812695+00', '2024-01-03 15:08:29.812695+00', 26.99, 20, 34, 3, 1, 1),
	(395, '2024-01-03 15:08:29.812695+00', '2024-01-03 15:08:29.812695+00', 30.99, 15, 34, 7, 15, 2),
	(397, '2024-01-03 15:08:29.812695+00', '2024-01-03 15:08:29.812695+00', 23.99, 25, 35, 4, 2, 1),
	(398, '2024-01-03 15:08:29.812695+00', '2024-01-03 15:08:29.812695+00', 28.99, 18, 35, 9, 19, 2),
	(375, '2024-01-03 15:08:29.812695+00', '2024-01-03 15:08:29.812695+00', 26.99, 20, 29, 3, 1, 3),
	(418, '2024-01-03 15:08:29.812695+00', '2024-01-03 15:08:29.812695+00', 31.99, 20, 41, 5, 12, 1),
	(458, '2024-01-03 15:08:29.812695+00', '2024-01-03 15:08:29.812695+00', 31.50, 25, 53, 7, 29, 2),
	(419, '2024-01-03 15:08:29.812695+00', '2024-01-03 15:08:29.812695+00', 35.99, 15, 41, 9, 25, 2),
	(420, '2024-01-03 15:08:29.812695+00', '2024-01-03 15:08:29.812695+00', 39.99, 10, 41, 14, 38, 3),
	(421, '2024-01-03 15:08:29.812695+00', '2024-01-03 15:08:29.812695+00', 25.99, 30, 42, 3, 11, 1),
	(422, '2024-01-03 15:08:29.812695+00', '2024-01-03 15:08:29.812695+00', 30.99, 25, 42, 7, 29, 2),
	(423, '2024-01-03 15:08:29.812695+00', '2024-01-03 15:08:29.812695+00', 40.99, 15, 43, 4, 16, 1),
	(424, '2024-01-03 15:08:29.812695+00', '2024-01-03 15:08:29.812695+00', 44.99, 10, 43, 10, 31, 2),
	(425, '2024-01-03 15:08:29.812695+00', '2024-01-03 15:08:29.812695+00', 38.99, 12, 43, 15, 6, 3),
	(426, '2024-01-03 15:08:29.812695+00', '2024-01-03 15:08:29.812695+00', 27.99, 18, 44, 7, 15, 2),
	(431, '2024-01-03 15:08:29.812695+00', '2024-01-03 15:08:29.812695+00', 35.99, 15, 44, 8, 22, 1),
	(428, '2024-01-03 15:08:29.812695+00', '2024-01-03 15:08:29.812695+00', 29.99, 12, 44, 9, 19, 1),
	(429, '2024-01-03 15:08:29.812695+00', '2024-01-03 15:08:29.812695+00', 38.99, 8, 44, 11, 21, 2),
	(427, '2024-01-03 15:08:29.812695+00', '2024-01-03 15:08:29.812695+00', 34.99, 30, 44, 12, 28, 3),
	(432, '2024-01-03 15:08:29.812695+00', '2024-01-03 15:08:29.812695+00', 30.99, 20, 44, 13, 27, 2),
	(430, '2024-01-03 15:08:29.812695+00', '2024-01-03 15:08:29.812695+00', 32.99, 25, 44, 16, 32, 3),
	(433, '2024-01-03 15:08:29.812695+00', '2024-01-03 15:08:29.812695+00', 31.99, 20, 45, 5, 12, 1),
	(434, '2024-01-03 15:08:29.812695+00', '2024-01-03 15:08:29.812695+00', 35.99, 15, 45, 9, 25, 2),
	(435, '2024-01-03 15:08:29.812695+00', '2024-01-03 15:08:29.812695+00', 39.99, 10, 45, 14, 38, 3),
	(436, '2024-01-03 15:08:29.812695+00', '2024-01-03 15:08:29.812695+00', 25.99, 30, 46, 3, 11, 1),
	(437, '2024-01-03 15:08:29.812695+00', '2024-01-03 15:08:29.812695+00', 30.99, 25, 46, 7, 29, 2),
	(438, '2024-01-03 15:08:29.812695+00', '2024-01-03 15:08:29.812695+00', 26.99, 20, 47, 3, 1, 1),
	(439, '2024-01-03 15:08:29.812695+00', '2024-01-03 15:08:29.812695+00', 30.99, 15, 47, 7, 15, 2),
	(440, '2024-01-03 15:08:29.812695+00', '2024-01-03 15:08:29.812695+00', 36.99, 30, 47, 12, 28, 3),
	(441, '2024-01-03 15:08:29.812695+00', '2024-01-03 15:08:29.812695+00', 22.99, 22, 48, 5, 7, 1),
	(442, '2024-01-03 15:08:29.812695+00', '2024-01-03 15:08:29.812695+00', 40.99, 5, 48, 8, 22, 2),
	(443, '2024-01-03 15:08:29.812695+00', '2024-01-03 15:08:29.812695+00', 37.99, 28, 48, 13, 27, 3),
	(444, '2024-01-03 15:08:29.812695+00', '2024-01-03 15:08:29.812695+00', 33.99, 15, 48, 17, 42, 1),
	(445, '2024-01-03 15:08:29.812695+00', '2024-01-03 15:08:29.812695+00', 31.99, 20, 49, 5, 12, 1),
	(446, '2024-01-03 15:08:29.812695+00', '2024-01-03 15:08:29.812695+00', 35.99, 15, 49, 9, 25, 2),
	(447, '2024-01-03 15:08:29.812695+00', '2024-01-03 15:08:29.812695+00', 39.99, 10, 49, 14, 38, 3),
	(448, '2024-01-03 15:08:29.812695+00', '2024-01-03 15:08:29.812695+00', 32.99, 40, 50, 6, 10, 1),
	(449, '2024-01-03 15:08:29.812695+00', '2024-01-03 15:08:29.812695+00', 39.99, 10, 50, 11, 21, 2),
	(450, '2024-01-03 15:08:29.812695+00', '2024-01-03 15:08:29.812695+00', 34.99, 35, 50, 16, 32, 3),
	(451, '2024-01-03 15:08:29.812695+00', '2024-01-03 15:08:29.812695+00', 26.99, 20, 51, 3, 1, 1),
	(454, '2024-01-03 15:08:29.812695+00', '2024-01-03 15:08:29.812695+00', 26.99, 20, 52, 3, 1, 1),
	(455, '2024-01-03 15:08:29.812695+00', '2024-01-03 15:08:29.812695+00', 30.99, 15, 52, 7, 15, 2),
	(456, '2024-01-03 15:08:29.812695+00', '2024-01-03 15:08:29.812695+00', 50.99, 30, 52, 12, 28, 3),
	(457, '2024-01-03 15:08:29.812695+00', '2024-01-03 15:08:29.812695+00', 25.99, 30, 53, 3, 11, 1),
	(459, '2024-01-03 15:08:29.812695+00', '2024-01-03 15:08:29.812695+00', 25.99, 30, 54, 3, 11, 1),
	(460, '2024-01-03 15:08:29.812695+00', '2024-01-03 15:08:29.812695+00', 30.99, 25, 54, 7, 29, 2),
	(461, '2024-01-03 15:08:29.812695+00', '2024-01-03 15:08:29.812695+00', 36.99, 30, 54, 12, 28, 3),
	(462, '2024-01-03 15:08:29.812695+00', '2024-01-03 15:08:29.812695+00', 29.99, 12, 55, 9, 19, 1),
	(463, '2024-01-03 15:08:29.812695+00', '2024-01-03 15:08:29.812695+00', 38.99, 8, 55, 11, 21, 2),
	(464, '2024-01-03 15:08:29.812695+00', '2024-01-03 15:08:29.812695+00', 32.99, 25, 55, 16, 32, 3),
	(465, '2024-01-03 15:08:29.812695+00', '2024-01-03 15:08:29.812695+00', 29.99, 12, 56, 9, 19, 1),
	(466, '2024-01-03 15:08:29.812695+00', '2024-01-03 15:08:29.812695+00', 38.99, 8, 56, 11, 21, 2),
	(467, '2024-01-03 15:08:29.812695+00', '2024-01-03 15:08:29.812695+00', 32.99, 25, 56, 16, 32, 3),
	(468, '2024-01-03 15:08:29.812695+00', '2024-01-03 15:08:29.812695+00', 23.99, 25, 57, 4, 2, 1),
	(469, '2024-01-03 15:08:29.812695+00', '2024-01-03 15:08:29.812695+00', 28.99, 18, 57, 9, 19, 2),
	(470, '2024-01-03 15:08:29.812695+00', '2024-01-03 15:08:29.812695+00', 23.99, 25, 58, 4, 2, 1),
	(471, '2024-01-03 15:08:29.812695+00', '2024-01-03 15:08:29.812695+00', 28.99, 18, 58, 9, 19, 2),
	(472, '2024-01-03 15:08:29.812695+00', '2024-01-03 15:08:29.812695+00', 25.99, 30, 59, 3, 11, 1),
	(473, '2024-01-03 15:08:29.812695+00', '2024-01-03 15:08:29.812695+00', 30.99, 25, 59, 7, 29, 2),
	(474, '2024-01-03 15:08:29.812695+00', '2024-01-03 15:08:29.812695+00', 36.99, 30, 59, 12, 28, 3),
	(318, '2024-01-03 15:08:29.812695+00', '2024-01-03 15:08:29.812695+00', 26.99, 20, 14, 3, 1, 1),
	(401, '2024-01-03 15:08:29.812695+00', '2024-01-03 15:08:29.812695+00', 34.99, 35, 36, 16, 32, 3),
	(402, '2024-01-03 15:08:29.812695+00', '2024-01-03 15:08:29.812695+00', 22.99, 22, 37, 5, 7, 1),
	(403, '2024-01-03 15:08:29.812695+00', '2024-01-03 15:08:29.812695+00', 40.99, 5, 37, 8, 22, 2),
	(404, '2024-01-03 15:08:29.812695+00', '2024-01-03 15:08:29.812695+00', 37.99, 28, 37, 13, 27, 3),
	(405, '2024-01-03 15:08:29.812695+00', '2024-01-03 15:08:29.812695+00', 33.99, 15, 37, 17, 42, 1),
	(406, '2024-01-03 15:08:29.812695+00', '2024-01-03 15:08:29.812695+00', 27.99, 18, 38, 7, 15, 2),
	(411, '2024-01-03 15:08:29.812695+00', '2024-01-03 15:08:29.812695+00', 35.99, 15, 38, 8, 22, 1),
	(408, '2024-01-03 15:08:29.812695+00', '2024-01-03 15:08:29.812695+00', 29.99, 12, 38, 9, 19, 1),
	(407, '2024-01-03 15:08:29.812695+00', '2024-01-03 15:08:29.812695+00', 34.99, 30, 38, 12, 28, 3),
	(412, '2024-01-03 15:08:29.812695+00', '2024-01-03 15:08:29.812695+00', 30.99, 20, 38, 13, 27, 2),
	(410, '2024-01-03 15:08:29.812695+00', '2024-01-03 15:08:29.812695+00', 32.99, 25, 38, 16, 32, 3),
	(413, '2024-01-03 15:08:29.812695+00', '2024-01-03 15:08:29.812695+00', 26.99, 20, 39, 3, 1, 1),
	(414, '2024-01-03 15:08:29.812695+00', '2024-01-03 15:08:29.812695+00', 30.99, 15, 39, 7, 15, 2),
	(415, '2024-01-03 15:08:29.812695+00', '2024-01-03 15:08:29.812695+00', 36.99, 30, 39, 12, 28, 3),
	(416, '2024-01-03 15:08:29.812695+00', '2024-01-03 15:08:29.812695+00', 23.99, 25, 40, 4, 2, 1),
	(417, '2024-01-03 15:08:29.812695+00', '2024-01-03 15:08:29.812695+00', 28.99, 18, 40, 9, 19, 2),
	(324, '2024-01-03 15:08:29.812695+00', '2024-01-03 15:08:29.812695+00', 39.99, 10, 16, 11, 21, 2),
	(333, '2024-01-03 15:08:29.812695+00', '2024-01-03 15:08:29.812695+00', 38.99, 8, 18, 11, 21, 2),
	(342, '2024-01-03 15:08:29.812695+00', '2024-01-03 15:08:29.812695+00', 32.99, 40, 21, 6, 10, 1),
	(351, '2024-01-03 15:08:29.812695+00', '2024-01-03 15:08:29.812695+00', 29.99, 12, 23, 9, 19, 1),
	(360, '2024-01-03 15:08:29.812695+00', '2024-01-03 15:08:29.812695+00', 28.99, 18, 25, 9, 19, 2),
	(373, '2024-01-03 15:08:29.812695+00', '2024-01-03 15:08:29.812695+00', 35.99, 15, 28, 8, 22, 1),
	(378, '2024-01-03 15:08:29.812695+00', '2024-01-03 15:08:29.812695+00', 23.99, 25, 30, 4, 2, 1),
	(387, '2024-01-03 15:08:29.812695+00', '2024-01-03 15:08:29.812695+00', 27.99, 18, 33, 7, 15, 2),
	(396, '2024-01-03 15:08:29.812695+00', '2024-01-03 15:08:29.812695+00', 36.99, 30, 34, 12, 28, 3),
	(399, '2024-01-03 15:08:29.812695+00', '2024-01-03 15:08:29.812695+00', 32.99, 40, 36, 6, 10, 1),
	(400, '2024-01-03 15:08:29.812695+00', '2024-01-03 15:08:29.812695+00', 39.99, 10, 36, 11, 21, 2),
	(409, '2024-01-03 15:08:29.812695+00', '2024-01-03 15:08:29.812695+00', 38.99, 8, 38, 11, 21, 2),
	(475, '2024-01-17 05:38:37.491111+00', '2024-01-17 05:38:37.491111+00', 17.99, 12, 60, 11, 2, 2),
	(476, '2024-01-17 05:39:10.108457+00', '2024-01-17 05:39:10.108457+00', 15.45, 5, 60, 11, 5, 3),
	(477, '2024-01-17 05:44:28.273345+00', '2024-01-17 05:44:28.273345+00', 21.00, 13, 61, 3, 5, 1),
	(478, '2024-01-17 05:45:00.134514+00', '2024-01-17 05:45:00.134514+00', 19.99, 20, 61, 3, 3, 2),
	(479, '2024-01-17 05:45:25.448432+00', '2024-01-17 05:45:25.448432+00', 19.99, 3, 61, 3, 6, 2),
	(480, '2024-01-17 05:45:56.804299+00', '2024-01-17 05:45:56.804299+00', 14.79, 30, 61, 17, 4, 3),
	(481, '2024-01-17 05:50:54.855969+00', '2024-01-17 05:50:54.855969+00', 12.35, 20, 62, 8, 2, 3),
	(482, '2024-01-17 05:51:17.879331+00', '2024-01-17 05:51:17.879331+00', 17.99, 15, 62, 8, 4, 1),
	(483, '2024-01-17 05:54:23.379178+00', '2024-01-17 05:54:23.379178+00', 24.00, 17, 63, 14, 1, 1),
	(484, '2024-01-17 05:54:54.896355+00', '2024-01-17 05:54:54.896355+00', 14.45, 10, 63, 4, 4, 3),
	(485, '2024-01-17 06:00:33.98777+00', '2024-01-17 06:00:33.98777+00', 30.15, 4, 64, 4, 3, 1),
	(486, '2024-01-17 06:01:03.537517+00', '2024-01-17 06:01:03.537517+00', 24.89, 10, 64, 13, 6, 2),
	(487, '2024-01-17 06:05:53.767025+00', '2024-01-17 06:05:53.767025+00', 23.15, 10, 65, 3, 2, 2),
	(488, '2024-01-17 06:06:23.770253+00', '2024-01-17 06:06:23.770253+00', 15.99, 20, 65, 6, 6, 3),
	(489, '2024-01-17 06:09:53.769563+00', '2024-01-17 06:09:53.769563+00', 17.35, 20, 66, 3, 4, 2),
	(490, '2024-01-17 06:10:14.799093+00', '2024-01-17 06:10:14.799093+00', 21.15, 5, 66, 10, 2, 1),
	(491, '2024-01-17 06:15:38.049904+00', '2024-01-17 06:15:38.049904+00', 28.85, 18, 67, 16, 7, 1),
	(492, '2024-01-17 06:16:08.819591+00', '2024-01-17 06:16:08.819591+00', 22.30, 10, 67, 15, 2, 2),
	(493, '2024-01-17 06:19:48.694205+00', '2024-01-17 06:19:48.694205+00', 15.99, 10, 68, 11, 2, 1),
	(494, '2024-01-17 06:20:08.418627+00', '2024-01-17 06:20:08.418627+00', 12.10, 3, 68, 7, 5, 3),
	(495, '2024-01-17 06:28:52.859247+00', '2024-01-17 06:28:52.859247+00', 19.99, 5, 69, 9, 2, 2),
	(496, '2024-01-17 06:29:11.861872+00', '2024-01-17 06:29:11.861872+00', 24.50, 15, 69, 11, 4, 1),
	(497, '2024-01-17 07:02:44.511684+00', '2024-01-17 07:02:44.511684+00', 14.50, 10, 70, 6, 7, 1),
	(498, '2024-01-17 07:03:05.801476+00', '2024-01-17 07:03:05.801476+00', 12.20, 5, 70, 4, 3, 3),
	(499, '2024-01-17 07:03:36.889728+00', '2024-01-17 07:03:36.889728+00', 12.20, 11, 70, 17, 6, 3),
	(500, '2024-01-17 07:07:30.043663+00', '2024-01-17 07:07:30.043663+00', 12.50, 14, 71, 13, 8, 3),
	(501, '2024-01-17 07:08:03.905803+00', '2024-01-17 07:08:03.905803+00', 16.60, 25, 71, 9, 5, 1),
	(502, '2024-01-17 07:11:17.152344+00', '2024-01-17 07:11:17.152344+00', 18.75, 30, 72, 7, 5, 1),
	(503, '2024-01-17 07:11:37.734511+00', '2024-01-17 07:11:37.734511+00', 18.75, 8, 72, 8, 6, 1),
	(504, '2024-01-17 07:11:57.905079+00', '2024-01-17 07:11:57.905079+00', 12.39, 10, 72, 15, 4, 3),
	(505, '2024-01-17 07:15:08.693806+00', '2024-01-17 07:15:08.693806+00', 40.00, 3, 73, 8, 1, 1),
	(506, '2024-01-17 07:15:39.20378+00', '2024-01-17 07:15:39.20378+00', 34.99, 12, 73, 10, 4, 2),
	(507, '2024-01-17 07:20:12.233564+00', '2024-01-17 07:20:12.233564+00', 21.15, 13, 74, 9, 2, 2),
	(508, '2024-01-17 07:21:05.144911+00', '2024-01-17 07:21:05.144911+00', 26.80, 4, 74, 14, 5, 1),
	(509, '2024-01-17 07:25:21.40807+00', '2024-01-17 07:25:21.40807+00', 11.50, 12, 75, 9, 8, 3),
	(510, '2024-01-17 07:25:39.992076+00', '2024-01-17 07:25:39.992076+00', 12.30, 8, 75, 7, 6, 2),
	(511, '2024-01-17 07:26:02.979723+00', '2024-01-17 07:26:02.979723+00', 12.40, 9, 75, 11, 4, 2),
	(512, '2024-01-17 07:28:39.003399+00', '2024-01-17 07:28:39.003399+00', 11.20, 5, 76, 3, 9, 2),
	(513, '2024-01-17 07:28:55.939726+00', '2024-01-17 07:28:55.939726+00', 14, 11, 76, 7, 4, 1),
	(514, '2024-01-17 07:29:16.649108+00', '2024-01-17 07:29:16.649108+00', 13.80, 4, 76, 13, 2, 1),
	(515, '2024-01-17 07:33:33.978833+00', '2024-01-17 07:33:33.978833+00', 16.20, 2, 77, 13, 6, 1),
	(527, '2024-01-17 07:57:49.162632+00', '2024-01-17 07:57:49.162632+00', 25.00, 12, 81, 5, 8, 2),
	(528, '2024-01-17 07:58:05.250508+00', '2024-01-17 07:58:05.250508+00', 28.99, 1, 81, 12, 5, 1),
	(529, '2024-01-17 08:00:45.841367+00', '2024-01-17 08:00:45.841367+00', 11.00, 5, 82, 9, 8, 3),
	(516, '2024-01-17 07:34:22.22262+00', '2024-01-17 07:34:22.22262+00', 16.20, 7, 77, 6, 1, 1),
	(517, '2024-01-17 07:35:10.522623+00', '2024-01-17 07:35:10.522623+00', 11.00, 20, 77, 17, 5, 3),
	(518, '2024-01-17 07:39:37.454972+00', '2024-01-17 07:39:37.454972+00', 14.00, 12, 78, 11, 3, 1),
	(519, '2024-01-17 07:39:54.206933+00', '2024-01-17 07:39:54.206933+00', 14.00, 3, 78, 8, 5, 1),
	(520, '2024-01-17 07:40:15.082325+00', '2024-01-17 07:40:15.082325+00', 9.99, 2, 78, 5, 8, 3),
	(521, '2024-01-17 07:47:22.037272+00', '2024-01-17 07:47:22.037272+00', 18.99, 20, 79, 9, 1, 2),
	(522, '2024-01-17 07:47:45.105717+00', '2024-01-17 07:47:45.105717+00', 17.50, 4, 79, 17, 8, 2),
	(523, '2024-01-17 07:48:08.22423+00', '2024-01-17 07:48:08.22423+00', 22.30, 9, 79, 3, 7, 1),
	(524, '2024-01-17 07:52:09.244891+00', '2024-01-17 07:52:09.244891+00', 14.50, 6, 80, 10, 3, 2),
	(525, '2024-01-17 07:52:28.072922+00', '2024-01-17 07:52:28.072922+00', 17.00, 9, 80, 15, 9, 1),
	(526, '2024-01-17 07:52:55.898326+00', '2024-01-17 07:52:55.898326+00', 5.79, 1, 80, 12, 10, 3),
	(530, '2024-01-17 08:01:06.861428+00', '2024-01-17 08:01:06.861428+00', 11.50, 6, 82, 7, 2, 3),
	(531, '2024-01-17 08:01:26.817889+00', '2024-01-17 08:01:26.817889+00', 19.00, 9, 82, 3, 4, 1),
	(532, '2024-01-17 08:05:15.135234+00', '2024-01-17 08:05:15.135234+00', 14.75, 12, 83, 9, 8, 2),
	(533, '2024-01-17 08:05:38.128937+00', '2024-01-17 08:05:38.128937+00', 23.15, 4, 83, 9, 6, 1),
	(534, '2024-01-17 08:06:03.59792+00', '2024-01-17 08:06:03.59792+00', 8.95, 21, 83, 11, 3, 3),
	(535, '2024-01-17 16:29:29.051633+00', '2024-01-17 16:29:29.051633+00', 11.25, 8, 84, 13, 2, 3),
	(536, '2024-01-17 16:29:55.118916+00', '2024-01-17 16:29:55.118916+00', 9.99, 2, 84, 4, 8, 3),
	(537, '2024-01-17 16:30:24.162307+00', '2024-01-17 16:30:24.162307+00', 16.75, 23, 84, 11, 5, 2),
	(538, '2024-01-17 16:33:45.567652+00', '2024-01-17 16:33:45.567652+00', 13.49, 11, 85, 9, 10, 2),
	(539, '2024-01-17 16:34:08.20766+00', '2024-01-17 16:34:08.20766+00', 14.50, 20, 85, 3, 4, 2),
	(540, '2024-01-17 16:34:30.244861+00', '2024-01-17 16:34:30.244861+00', 18.00, 3, 85, 15, 4, 1),
	(541, '2024-01-17 16:50:05.645692+00', '2024-01-17 16:50:05.645692+00', 17.85, 12, 86, 16, 4, 1),
	(542, '2024-01-17 16:51:23.369685+00', '2024-01-17 16:51:23.369685+00', 14.99, 9, 86, 12, 3, 2),
	(543, '2024-01-17 16:51:45.004726+00', '2024-01-17 16:51:45.004726+00', 14.99, 4, 86, 6, 7, 2),
	(544, '2024-01-17 16:55:05.3805+00', '2024-01-17 16:55:05.3805+00', 13.99, 12, 87, 13, 7, 2),
	(545, '2024-01-17 16:55:24.853925+00', '2024-01-17 16:55:24.853925+00', 14.99, 3, 87, 4, 3, 2),
	(546, '2024-01-17 16:55:41.749294+00', '2024-01-17 16:55:41.749294+00', 19.99, 12, 87, 6, 6, 1),
	(547, '2024-01-17 17:00:39.849711+00', '2024-01-17 17:00:39.849711+00', 19.99, 10, 88, 8, 7, 1),
	(548, '2024-01-17 17:00:57.95516+00', '2024-01-17 17:00:57.95516+00', 21.99, 11, 88, 7, 4, 1),
	(550, '2024-01-17 17:04:59.203316+00', '2024-01-17 17:04:59.203316+00', 15.49, 12, 89, 6, 2, 2),
	(551, '2024-01-17 17:05:15.210434+00', '2024-01-17 17:05:15.210434+00', 21.99, 2, 89, 7, 6, 1),
	(552, '2024-01-17 17:05:39.38064+00', '2024-01-17 17:05:39.38064+00', 8.75, 2, 89, 14, 9, 3),
	(553, '2024-01-17 17:21:58.690696+00', '2024-01-17 17:21:58.690696+00', 37.99, 2, 90, 17, 4, 1),
	(554, '2024-01-17 17:22:23.908673+00', '2024-01-17 17:22:23.908673+00', 34.49, 1, 90, 11, 9, 1),
	(555, '2024-01-17 17:22:42.37554+00', '2024-01-17 17:22:42.37554+00', 27.99, 5, 90, 6, 6, 2),
	(556, '2024-01-17 17:26:29.591998+00', '2024-01-17 17:26:29.591998+00', 15.75, 20, 91, 14, 4, 2),
	(557, '2024-01-17 17:26:46.666934+00', '2024-01-17 17:26:46.666934+00', 19.99, 10, 91, 14, 3, 1),
	(558, '2024-01-17 17:29:20.692821+00', '2024-01-17 17:29:20.692821+00', 19.99, 5, 92, 8, 5, 1),
	(559, '2024-01-17 17:29:37.628746+00', '2024-01-17 17:29:37.628746+00', 17.30, 5, 92, 16, 2, 2),
	(560, '2024-01-17 17:32:05.575365+00', '2024-01-17 17:32:05.575365+00', 17.65, 14, 93, 6, 6, 2),
	(561, '2024-01-17 17:32:25.650828+00', '2024-01-17 17:32:25.650828+00', 9.99, 3, 93, 12, 7, 3),
	(562, '2024-01-17 17:35:23.056868+00', '2024-01-17 17:35:23.056868+00', 17.75, 3, 94, 5, 5, 2),
	(563, '2024-01-17 17:38:00.390965+00', '2024-01-17 17:38:00.390965+00', 13.99, 10, 95, 6, 4, 3),
	(564, '2024-01-17 17:38:20.857363+00', '2024-01-17 17:38:20.857363+00', 14.39, 2, 95, 4, 3, 3),
	(565, '2024-01-17 17:38:45.37091+00', '2024-01-17 17:38:45.37091+00', 21.35, 2, 95, 9, 12, 1),
	(566, '2024-01-17 17:41:23.400732+00', '2024-01-17 17:41:23.400732+00', 15.65, 2, 96, 4, 7, 1),
	(567, '2024-01-17 17:43:47.195898+00', '2024-01-17 17:43:47.195898+00', 21.35, 10, 97, 5, 6, 2),
	(568, '2024-01-17 17:44:05.557402+00', '2024-01-17 17:44:05.557402+00', 24.49, 15, 97, 15, 2, 1),
	(569, '2024-01-17 17:46:43.133483+00', '2024-01-17 17:46:43.133483+00', 20.99, 10, 98, 11, 3, 2),
	(570, '2024-01-17 17:47:01.51679+00', '2024-01-17 17:47:01.51679+00', 25.00, 6, 98, 10, 3, 1),
	(571, '2024-01-17 17:49:33.843529+00', '2024-01-17 17:49:33.843529+00', 17.50, 10, 99, 6, 6, 2),
	(572, '2024-01-17 17:56:49.23341+00', '2024-01-17 17:56:49.23341+00', 12.99, 8, 100, 10, 2, 2),
	(573, '2024-01-17 17:57:06.065019+00', '2024-01-17 17:57:06.065019+00', 15.99, 12, 100, 4, 7, 1),
	(574, '2024-01-17 17:59:53.700365+00', '2024-01-17 17:59:53.700365+00', 15.99, 3, 101, 5, 9, 2),
	(575, '2024-01-17 18:02:15.292835+00', '2024-01-17 18:02:15.292835+00', 13.99, 1, 102, 5, 6, 2),
	(576, '2024-01-17 18:02:31.757936+00', '2024-01-17 18:02:31.757936+00', 18.99, 3, 102, 4, 9, 1),
	(577, '2024-01-17 18:06:24.512971+00', '2024-01-17 18:06:24.512971+00', 19.99, 2, 103, 10, 3, 1),
	(578, '2024-01-17 18:06:42.025435+00', '2024-01-17 18:06:42.025435+00', 14.45, 7, 103, 12, 7, 2),
	(579, '2024-01-17 18:08:50.161431+00', '2024-01-17 18:08:50.161431+00', 8.99, 2, 104, 6, 5, 3),
	(580, '2024-01-17 18:11:23.027686+00', '2024-01-17 18:11:23.027686+00', 19.99, 6, 105, 4, 7, 2),
	(581, '2024-01-17 18:11:37.029211+00', '2024-01-17 18:11:37.029211+00', 24.99, 7, 105, 12, 2, 1),
	(582, '2024-01-17 18:13:52.675586+00', '2024-01-17 18:13:52.675586+00', 14.99, 9, 106, 17, 3, 3),
	(583, '2024-01-17 18:14:09.072854+00', '2024-01-17 18:14:09.072854+00', 29.99, 8, 106, 7, 2, 1),
	(584, '2024-01-17 18:16:39.120108+00', '2024-01-17 18:16:39.120108+00', 23.99, 9, 107, 10, 3, 2),
	(585, '2024-01-17 18:16:59.738502+00', '2024-01-17 18:16:59.738502+00', 31.49, 2, 107, 8, 3, 1),
	(586, '2024-01-17 18:42:26.235148+00', '2024-01-17 18:42:26.235148+00', 65.30, 2, 108, 8, 19, 2),
	(587, '2024-01-17 18:42:45.55081+00', '2024-01-17 18:42:45.55081+00', 70.50, 7, 108, 5, 15, 1),
	(588, '2024-01-17 18:46:01.206204+00', '2024-01-17 18:46:01.206204+00', 55.30, 6, 109, 6, 18, 2),
	(589, '2024-01-17 18:46:20.700926+00', '2024-01-17 18:46:20.700926+00', 66.60, 4, 109, 11, 16, 1),
	(590, '2024-01-17 18:48:39.663672+00', '2024-01-17 18:48:39.663672+00', 75.30, 6, 110, 8, 17, 1),
	(591, '2024-01-17 18:48:56.673128+00', '2024-01-17 18:48:56.673128+00', 45.20, 2, 110, 9, 14, 3),
	(592, '2024-01-17 18:51:49.727316+00', '2024-01-17 18:51:49.727316+00', 36.60, 2, 111, 11, 16, 2),
	(593, '2024-01-17 18:52:06.639029+00', '2024-01-17 18:52:06.639029+00', 26.99, 5, 111, 5, 17, 3),
	(594, '2024-01-17 18:53:56.929966+00', '2024-01-17 18:53:56.929966+00', 31.49, 4, 112, 11, 14, 2),
	(595, '2024-01-17 18:54:12.631525+00', '2024-01-17 18:54:12.631525+00', 27.99, 4, 112, 5, 15, 3),
	(596, '2024-01-17 18:57:30.441974+00', '2024-01-17 18:57:30.441974+00', 34.15, 2, 114, 5, 20, 2),
	(597, '2024-01-17 19:00:01.374749+00', '2024-01-17 19:00:01.374749+00', 45.15, 5, 115, 10, 18, 2),
	(598, '2024-01-17 19:00:22.081198+00', '2024-01-17 19:00:22.081198+00', 49.99, 2, 115, 5, 16, 1),
	(599, '2024-01-17 19:06:06.852627+00', '2024-01-17 19:06:06.852627+00', 35.40, 5, 113, 9, 15, 2),
	(600, '2024-01-17 19:06:46.300714+00', '2024-01-17 19:06:46.300714+00', 30.99, 5, 116, 9, 19, 3),
	(601, '2024-01-17 19:09:24.454979+00', '2024-01-17 19:09:24.454979+00', 34.99, 5, 117, 5, 19, 2),
	(602, '2024-01-17 19:12:34.346279+00', '2024-01-17 19:12:34.346279+00', 29.99, 5, 118, 17, 16, 2),
	(603, '2024-01-17 19:12:54.482682+00', '2024-01-17 19:12:54.482682+00', 40.99, 9, 118, 7, 16, 1),
	(604, '2024-01-17 19:15:04.660296+00', '2024-01-17 19:15:04.660296+00', 50.65, 5, 119, 11, 15, 1),
	(605, '2024-01-17 19:15:21.722239+00', '2024-01-17 19:15:21.722239+00', 48.60, 7, 119, 8, 17, 2),
	(606, '2024-01-17 19:15:40.080991+00', '2024-01-17 19:15:40.080991+00', 23.99, 2, 119, 14, 21, 3);


--
-- Data for Name: users; Type: TABLE DATA; Schema: public; Owner: postgres
--

INSERT INTO "public"."users" ("id", "created_at", "name", "img", "email", "role", "points") VALUES
	(43, '2024-01-10 00:28:02.421011+00', 'Márcia Pedroso', 'https://randomuser.me/api/portraits/women/9.jpg', 'marciappedroso@gmail.com', 0, 650),
	(23, '2024-01-09 18:29:18.484971+00', 'Vasco Saraiva', 'https://lh3.googleusercontent.com/a/ACg8ocIHl90Hi6Q_ine2U-p4D2k3lv3nFXS5NNazEmElLlrQ=s96-c', 'vascopinto.ps@gmail.com', 0, 230),
	(26, '2024-01-09 19:20:43.362173+00', 'SCA Projeto', 'https://lh3.googleusercontent.com/a/ACg8ocLsObVUncVBe6y-IltQA63Q5wiIMCtNEyLXuZe-0o2N=s96-c', 'scaprojetoua@gmail.com', 0, 420),
	(24, '2024-01-09 18:49:24.970992+00', 'Jónatas Roque', 'https://lh3.googleusercontent.com/a/ACg8ocIFGTAWQFOmjeeqntgADgudPk-qq4b2tPxTN2ZaV4cevIk=s96-c', 'jonatasroque1000@gmail.com', 0, 115),
	(28, '2024-01-10 00:13:16.175411+00', 'Sérgio Portunhos', 'https://randomuser.me/api/portraits/men/0.jpg', 'sgportunhos11@hotmail.com', 0, 800),
	(30, '2024-01-10 00:16:37.740035+00', 'José Mário Branco', 'https://randomuser.me/api/portraits/men/2.jpg', 'jmbsersolidario@hotmail.com', 0, 75),
	(31, '2024-01-10 00:17:32.219628+00', 'Diana Hilário', 'https://randomuser.me/api/portraits/women/2.jpg', 'dianehillary77@gmail.com', 0, 190),
	(32, '2024-01-10 00:18:15.977504+00', 'Ricardo Pedrosa', 'https://randomuser.me/api/portraits/men/3.jpg', 'rickyleiria9@hotmail.com', 0, 225),
	(38, '2024-01-10 00:22:54.608387+00', 'Filipe Colinas', 'https://randomuser.me/api/portraits/men/6.jpg', 'phillcolinas74@gmail.com', 0, 10),
	(34, '2024-01-10 00:19:41.780187+00', 'Marta Destemido', 'https://randomuser.me/api/portraits/women/4.jpg', 'doutoramarta01@gmail.com', 0, 140),
	(35, '2024-01-10 00:20:29.781384+00', 'Pedro Gabriel', 'https://randomuser.me/api/portraits/men/4.jpg', 'pedrogabrielgenesis@gmail.com', 0, 660),
	(36, '2024-01-10 00:21:15.864458+00', 'Gonçalo Cacia', 'https://randomuser.me/api/portraits/men/5.jpg', 'caciag3040@gmail.com', 0, 1140),
	(39, '2024-01-10 00:23:36.755647+00', 'Rui Cordeiro', 'https://randomuser.me/api/portraits/men/7.jpg', 'lamblyingonbroadway@gmail.com', 0, 410),
	(40, '2024-01-10 00:26:14.99536+00', 'Paulo Gonçalves', 'https://randomuser.me/api/portraits/men/9.jpg', 'speedyhero1979@hotmail.com', 0, 520),
	(41, '2024-01-10 00:26:50.334857+00', 'Catarina Barbosa', 'https://randomuser.me/api/portraits/women/7.jpg', 'catybarbosa@gmail.com', 0, 530),
	(42, '2024-01-10 00:27:29.547676+00', 'Olga Santos', 'https://randomuser.me/api/portraits/women/8.jpg', 'olguinha12@gmail.com', 0, 645),
	(33, '2024-01-10 00:19:05.144455+00', 'Joana Ferro', 'https://randomuser.me/api/portraits/women/3.jpg', 'itsjoanaferro@gmail.com', 0, 200),
	(44, '2024-01-10 00:28:33.759058+00', 'Maria Marinho', 'https://randomuser.me/api/portraits/women/10.jpg', 'marinhomariah00@gmail.com', 0, 690),
	(45, '2024-01-10 00:28:56.602818+00', 'Alexandra Azevedo', 'https://randomuser.me/api/portraits/women/11.jpg', 'alexvedo@sapo.pt', 0, 580),
	(46, '2024-01-10 00:29:30.064759+00', 'Regina Lopes', 'https://randomuser.me/api/portraits/women/12.jpg', 'reginaaglopes@gmail.com', 0, 490),
	(47, '2024-01-10 00:29:58.788398+00', 'Aurora Costa', 'https://randomuser.me/api/portraits/women/13.jpg', 'aurorita96@hotmail.com', 0, 270),
	(49, '2024-01-10 00:31:03.25284+00', 'Emídio Reis', 'https://randomuser.me/api/portraits/men/11.jpg', 'emidiodinisreis@gmail.com', 0, 1120),
	(50, '2024-01-10 00:31:32.850844+00', 'Fernanda Pinheiro', 'https://randomuser.me/api/portraits/women/14.jpg', 'fpinheiro04@gmail.com', 0, 90),
	(51, '2024-01-10 00:32:02.32473+00', 'Sandra Tavares', 'https://randomuser.me/api/portraits/women/15.jpg', 'sisitavas@gmail.com', 0, 630),
	(52, '2024-01-10 00:32:36.564231+00', 'Lídia Torres', 'https://randomuser.me/api/portraits/women/16.jpg', 'torreslidia771@gmail.com', 0, 390),
	(53, '2024-01-10 00:33:13.830343+00', 'Áurea Joaquim', 'https://randomuser.me/api/portraits/women/17.jpg', 'aureajoaquimpl@gmail.com', 0, 80),
	(54, '2024-01-10 00:33:50.265493+00', 'Kátia Rodrigues', 'https://randomuser.me/api/portraits/women/19.jpg', 'katiarodri@sapo.pt', 0, 370),
	(55, '2024-01-10 00:34:20.557668+00', 'Wilson Onofre', 'https://randomuser.me/api/portraits/men/12.jpg', 'therealwilson76@gmail.com', 0, 780),
	(56, '2024-01-10 00:35:00.365604+00', 'Luís Ernesto', 'https://randomuser.me/api/portraits/men/13.jpg', 'ernestoll@gmail.com', 0, 230),
	(57, '2024-01-10 00:36:03.903701+00', 'Tânia Norte', 'https://randomuser.me/api/portraits/women/20.jpg', 'tanianorth45@gmail.com', 0, 650),
	(58, '2024-01-10 00:36:38.164635+00', 'Virgínia Soares', 'https://randomuser.me/api/portraits/women/21.jpg', 'ginasoares@gmail.com', 0, 870),
	(59, '2024-01-10 00:37:31.707746+00', 'Érica Teixeira', 'https://randomuser.me/api/portraits/women/22.jpg', 'sweeterica2020@gmail.com', 0, 210),
	(61, '2024-01-10 00:38:44.987962+00', 'Leonor Dinis ', 'https://randomuser.me/api/portraits/women/23.jpg', 'lilidinis@hotmail.com', 0, 640),
	(62, '2024-01-10 00:39:16.755551+00', 'Paula Dantas', 'https://randomuser.me/api/portraits/women/24.jpg', 'pdantasaveiro@gmail.com', 0, 120),
	(63, '2024-01-10 00:39:48.769682+00', 'Bruno Barreiro', 'https://randomuser.me/api/portraits/men/15.jpg', 'barreirob92@gmail.com', 0, 130),
	(64, '2024-01-10 00:40:27.702719+00', 'Francisco Lopes', 'https://randomuser.me/api/portraits/men/16.jpg', 'flopessky@gmail.com', 0, 140),
	(65, '2024-01-10 00:41:12.686165+00', 'Hugo Mota', 'https://randomuser.me/api/portraits/men/18.jpg', 'hugobikes75@gmail.com', 0, 740),
	(66, '2024-01-10 00:41:37.838346+00', 'Inês Trindade', 'https://randomuser.me/api/portraits/women/25.jpg', 'trindadeiness@gmail.com', 0, 780),
	(67, '2024-01-10 00:42:01.146924+00', 'Maria Vizinho', 'https://randomuser.me/api/portraits/women/26.jpg', 'maryv2002@hotmail.com', 0, 730),
	(68, '2024-01-10 00:42:27.473462+00', 'Inês Latas', 'https://randomuser.me/api/portraits/women/27.jpg', 'inescandoit@gmail.com', 0, 560),
	(69, '2024-01-10 00:42:53.275146+00', 'Irina Morgado', 'https://randomuser.me/api/portraits/women/28.jpg', 'irinamorgadolol@hotmail.com', 0, 650),
	(70, '2024-01-10 00:43:25.950461+00', 'Maria Saudade', 'https://randomuser.me/api/portraits/women/29.jpg', 'saudadessmaria@sapo.pt', 0, 200),
	(71, '2024-01-10 00:43:51.685352+00', 'Florentino Morais', 'https://randomuser.me/api/portraits/men/19.jpg', 'ffmorais@gmail.com', 0, 100),
	(72, '2024-01-10 00:44:13.010514+00', 'Carlos Pires', 'https://randomuser.me/api/portraits/men/20.jpg', 'carlosgsxr@gmail.com', 0, 120),
	(74, '2024-01-10 00:44:58.927344+00', 'Emanuel Caramelo', 'https://randomuser.me/api/portraits/men/22.jpg', 'carameloegym@sapo.pt', 0, 400),
	(75, '2024-01-10 00:45:31.717652+00', 'Vanessa Dionísio', 'https://randomuser.me/api/portraits/women/30.jpg', 'vanessadi99@gmail.com', 0, 500),
	(76, '2024-01-10 00:45:59.043898+00', 'Gertrudes Pinto', 'https://randomuser.me/api/portraits/women/31.jpg', 'gpinto@hotmail.com', 0, 760),
	(77, '2024-01-10 00:46:31.202368+00', 'Luísa Marques', 'https://randomuser.me/api/portraits/women/32.jpg', 'lmarques2001@gmail.com', 0, 120),
	(78, '2024-01-10 00:46:53.600512+00', 'Matilde Caldas', 'https://randomuser.me/api/portraits/women/33.jpg', 'queenmatilde28@gmail.com', 0, 650),
	(79, '2024-01-10 00:47:27.541718+00', 'Juliana Zouparria', 'https://randomuser.me/api/portraits/women/34.jpg', 'zouparriaju@sapo.pt', 0, 980),
	(29, '2024-01-10 00:14:50.840939+00', 'Pedro Antunes', 'https://randomuser.me/api/portraits/men/1.jpg', 'antunespm93@gmail.com', 0, 0),
	(22, '2024-01-09 18:01:35.854444+00', '2VEST', 'https://lh3.googleusercontent.com/a/ACg8ocLTj7-X_hngaiUT_yZ5hoYW9vbJfh77COfgKrNcVtiHFg=s96-c', 'twovest.sustentavel@gmail.com', 0, 230),
	(37, '2024-01-10 00:22:13.940298+00', 'Yara Gomes', 'https://randomuser.me/api/portraits/women/6.jpg', 'yayaragomes@hotmail.com', 0, 760),
	(48, '2024-01-10 00:30:31.768683+00', 'Secundino Quintela', 'https://randomuser.me/api/portraits/men/10.jpg', 'secundino22@gmail.com', 0, 640),
	(60, '2024-01-10 00:38:10.987664+00', 'Rogério Águas', 'https://randomuser.me/api/portraits/men/14.jpg', 'rogerwaterspf@gmail.com', 0, 740),
	(73, '2024-01-10 00:44:33.726425+00', 'Rodrigo Cernache', 'https://randomuser.me/api/portraits/men/21.jpg', 'rrodrisd@gmail.com', 0, 300),
	(82, '2024-01-15 16:55:57.178787+00', 'João Paixão', 'https://lh3.googleusercontent.com/a/ACg8ocJ43bd2jEQMlYpsCddqU_6uDnruv_arMf-OWRU2J5jvXjk=s96-c', 'tomaspaixao2002@gmail.com', 0, 760),
	(80, '2024-01-10 14:35:58.502435+00', 'Gonçalo Calçada', 'https://lh3.googleusercontent.com/a/ACg8ocKl32ToG92ad4SSBpjfq5wy1l_U1sUN-Wpl9cwnHdbtN9A=s96-c', 'goncalocalcada7@gmail.com', 0, 870),
	(83, '2024-01-17 19:09:18.383035+00', 'Diznirr PT', 'https://lh3.googleusercontent.com/a/ACg8ocL5MUOOy1_iFmsPWB0aYfpgqs_nCwTmHgpka4GX8kKJ=s96-c', 'daznar.1tv@gmail.com', 0, 120),
	(84, '2024-01-18 10:33:16.859574+00', 'Daniela Silva', 'https://lh3.googleusercontent.com/a/ACg8ocIS37F56Ab7-9OP8An8UIpn1tcyFhezcnqMDdNwhVTiI5k=s96-c', 'danif.gsilva2000@gmail.com', 0, 340),
	(85, '2024-01-18 14:20:23.574198+00', 'DISNEY PLUS', 'https://lh3.googleusercontent.com/a/ACg8ocIPtOmgdcMhkdc9W3NPStjUgZ3vTMCu8WTLQdKKH_-r=s96-c', 'contadisneyplus4@gmail.com', 0, 110),
	(93, '2024-01-22 16:16:39.785533+00', 'sdadafsadda asdadada', 'https://lh3.googleusercontent.com/a/ACg8ocKz1b8k2eV9-Tc5bvUSyhvL1dvxvCbwyi54sct3s67l=s96-c', 'asdadadasdadafsadda@gmail.com', 0, 70),
	(100, '2024-01-22 16:51:16.991781+00', 'jonatas roque', 'https://lh3.googleusercontent.com/a/ACg8ocIpwyeZ-7MAfEJ4P5fXC5EC3vJG0v0b1aJSzrT6UJvG=s96-c', 'jonatas.roque9797@gmail.com', 0, 80),
	(101, '2024-01-22 17:13:03.674085+00', 'fernando roque', 'https://lh3.googleusercontent.com/a/ACg8ocKiXxIm7Nr8_sDGWFKcPagE2wOzXRvxs5BVHooV-8E4=s96-c', 'fernandosantosroque@gmail.com', 0, 900),
	(102, '2024-01-22 20:20:02.968745+00', 'Ana Fernandes', 'https://lh3.googleusercontent.com/a/ACg8ocIhuJyeIAPUFmMuvDtbgOG1UNw7OslOIcDgTOxwqn-8=s96-c', 'anapiresfernandes7@gmail.com', 0, 800),
	(103, '2024-01-25 10:31:27.267409+00', 'Francisco Regalado', 'https://lh3.googleusercontent.com/a/ACg8ocK2GzuX-zLvw6hYEusGjDAH2Hz6UX5kYKiWVR-Zn4NIEvg5=s96-c', 'fransiscouregaladou@gmail.com', 0, 150),
	(104, '2024-02-21 12:22:11.079464+00', 'Vasco Saraiva', 'https://lh3.googleusercontent.com/a/ACg8ocIAktq6I1m11uXFOA28Qa8noVHVNB5SqJ97vXJPfTKVhg0=s96-c', 'daznar2@gmail.com', 0, 160),
	(115, '2024-03-18 11:54:34.965011+00', 'jonatasssss', 'https://nchduotxkzvmghizornd.supabase.co/storage/v1/object/public/users_profile_pictures/users_default_img.jpg', 'jonatasroque@ua.pt', 0, 0);


--
-- Data for Name: cart; Type: TABLE DATA; Schema: public; Owner: postgres
--

INSERT INTO "public"."cart" ("created_at", "id_offer", "qty", "email", "id") VALUES
	('2024-01-21 14:44:07.748976+00', 528, 1, 'twovest.sustentavel@gmail.com', 141),
	('2024-03-08 15:08:04.906871+00', 490, 1, 'tomaspaixao2002@gmail.com', 166),
	('2024-03-31 04:19:10.534297+00', 476, 1, 'goncalocalcada7@gmail.com', 205),
	('2024-03-26 18:39:28.421886+00', 481, 1, 'daznar2@gmail.com', 194),
	('2024-03-31 04:18:03.425349+00', 507, 7, 'goncalocalcada7@gmail.com', 204);


--
-- Data for Name: collections; Type: TABLE DATA; Schema: public; Owner: postgres
--

INSERT INTO "public"."collections" ("id", "created_at", "updated_at", "name", "privacy", "share_id") VALUES
	(4, '2024-01-10 19:34:55.149332+00', '2024-01-10 19:34:55.149332+00', 'Iconic Fashion', 1, ''),
	(6, '2024-01-10 19:35:11.160619+00', '2024-01-10 19:35:11.160619+00', 'Para a uni', 1, ''),
	(7, '2024-01-10 19:35:19.145993+00', '2024-01-10 19:35:19.145993+00', 'slay girllll', 1, ''),
	(9, '2024-01-10 19:38:08.743295+00', '2024-01-10 19:38:08.743295+00', 'Work outfits', 1, ''),
	(10, '2024-01-10 19:38:35.97238+00', '2024-01-10 19:38:35.97238+00', 'Casual Outfits', 1, ''),
	(13, '2024-01-10 19:39:33.1506+00', '2024-01-10 19:39:33.1506+00', 'Familyyy', 1, ''),
	(14, '2024-01-10 19:39:55.730586+00', '2024-01-10 19:39:55.730586+00', 'Baile de finalistas', 1, ''),
	(15, '2024-01-10 19:40:15.383517+00', '2024-01-10 19:40:15.383517+00', 'Casamento da Sílvia', 1, ''),
	(18, '2024-01-10 19:44:24.873429+00', '2024-01-10 19:44:24.873429+00', 'Batismo do Pedrito', 1, ''),
	(19, '2024-01-10 19:44:40.007066+00', '2024-01-10 19:44:40.007066+00', 'Londres 2025', 1, ''),
	(22, '2024-01-10 19:47:21.455821+00', '2024-01-10 19:47:21.455821+00', 'Looks de inverno', 1, ''),
	(24, '2024-01-10 19:48:12.34406+00', '2024-01-10 19:48:12.34406+00', 'Research Summit 2024', 1, ''),
	(26, '2024-01-10 19:49:12.570977+00', '2024-01-10 19:49:12.570977+00', 'Ano Letivo 2024', 1, ''),
	(28, '2024-01-10 19:49:41.63621+00', '2024-01-10 19:49:41.63621+00', 'Viagem à Alemanha', 1, ''),
	(30, '2024-01-10 19:50:16.981795+00', '2024-01-10 19:50:16.981795+00', 'Sempre na moda', 1, ''),
	(31, '2024-01-10 19:50:28.240427+00', '2024-01-10 19:50:28.240427+00', 'Pedro e Inês', 1, ''),
	(34, '2024-01-10 19:51:12.984359+00', '2024-01-10 19:51:12.984359+00', 'Casamento do Tó', 1, ''),
	(86, '2024-03-04 18:58:36.432733+00', '2024-03-04 18:58:36.432733+00', 'Siga meus caros', 1, '394d3ca5-3d97-4025-a62b-29838d48c41e'),
	(5, '2024-01-10 19:35:01.96035+00', '2024-01-10 19:35:01.96035+00', 'Desporto', 2, ''),
	(80, '2024-02-25 18:21:06.85716+00', '2024-02-25 18:21:06.85716+00', 'Voa noite', 2, 'edawdq'),
	(11, '2024-01-10 19:39:09.284035+00', '2024-01-10 19:39:09.284035+00', 'Awesome Looks', 2, ''),
	(16, '2024-01-10 19:43:38.420282+00', '2024-01-10 19:43:38.420282+00', 'Viagem a Madrid', 2, ''),
	(17, '2024-01-10 19:44:12.250314+00', '2024-01-10 19:44:12.250314+00', 'Saídas à noite', 3, ''),
	(20, '2024-01-10 19:46:24.418175+00', '2024-01-10 19:46:24.418175+00', 'Defesa da Tese', 2, ''),
	(21, '2024-01-10 19:46:54.776758+00', '2024-01-10 19:46:54.776758+00', 'Amigos Estilosos', 3, ''),
	(23, '2024-01-10 19:47:45.688651+00', '2024-01-10 19:47:45.688651+00', 'Gala do curso', 2, ''),
	(25, '2024-01-10 19:49:03.791618+00', '2024-01-10 19:49:03.791618+00', 'Para o novo emprego', 2, ''),
	(29, '2024-01-10 19:49:50.215006+00', '2024-01-10 19:49:50.215006+00', 'Para os dates', 2, ''),
	(33, '2024-01-10 19:50:45.241702+00', '2024-01-10 19:50:45.241702+00', 'gothic inspos', 2, ''),
	(35, '2024-01-10 19:51:43.405853+00', '2024-01-10 19:51:43.405853+00', 'Jantar dos bros ', 3, ''),
	(36, '2024-01-11 10:40:57.393015+00', '2024-01-11 10:40:57.393015+00', 'Baby shower da Melissa', 2, ''),
	(38, '2024-01-17 15:34:39.772891+00', '2024-01-17 15:34:39.772891+00', 'Looks de inverno 2024', 1, ''),
	(2, '2024-01-10 19:34:01.619406+00', '2024-01-10 19:34:01.619406+00', 'Inspirações de Verão', 2, ''),
	(40, '2024-01-17 20:35:40.095927+00', '2024-01-17 20:35:40.095927+00', 'Bora lets go', 1, ''),
	(43, '2024-01-17 20:47:17.784205+00', '2024-01-17 20:47:17.784205+00', 'Zé Mauricio', 2, ''),
	(44, '2024-01-17 20:48:02.057224+00', '2024-01-17 20:48:02.057224+00', 'Zé Mauricio', 2, ''),
	(45, '2024-01-17 21:36:39.282029+00', '2024-01-17 21:36:39.282029+00', 'Zé Cegonha', 1, ''),
	(46, '2024-01-17 23:38:59.590041+00', '2024-01-17 23:38:59.590041+00', 'Olá bom dia!', 1, ''),
	(47, '2024-01-17 23:39:44.182199+00', '2024-01-17 23:39:44.182199+00', 'Olá bom dia!!', 1, ''),
	(48, '2024-01-17 23:39:49.516685+00', '2024-01-17 23:39:49.516685+00', 'Olá bom dia!!', 1, ''),
	(49, '2024-01-17 23:40:02.881482+00', '2024-01-17 23:40:02.881482+00', 'Olá bom dia!!', 1, ''),
	(50, '2024-01-18 00:04:03.815197+00', '2024-01-18 00:04:03.815197+00', 'asdasd', 2, ''),
	(51, '2024-01-18 00:04:14.051863+00', '2024-01-18 00:04:14.051863+00', 'asdasd', 1, ''),
	(52, '2024-01-18 10:46:39.770989+00', '2024-01-18 10:46:39.770989+00', 'Linda', 1, ''),
	(53, '2024-01-18 10:46:44.522543+00', '2024-01-18 10:46:44.522543+00', 'Linda', 1, ''),
	(54, '2024-01-18 10:47:09.177879+00', '2024-01-18 10:47:09.177879+00', 'Uau', 1, ''),
	(55, '2024-01-18 10:47:14.671008+00', '2024-01-18 10:47:14.671008+00', 'Uau', 1, ''),
	(56, '2024-01-18 10:47:16.569029+00', '2024-01-18 10:47:16.569029+00', 'Uau', 1, ''),
	(57, '2024-01-18 11:49:00.614866+00', '2024-01-18 11:49:00.614866+00', 'Olá tudo?', 2, ''),
	(58, '2024-01-18 11:50:05.625242+00', '2024-01-18 11:50:05.625242+00', 'sdfd', 1, ''),
	(59, '2024-01-18 11:51:02.041274+00', '2024-01-18 11:51:02.041274+00', 'Tryon Publicss', 1, ''),
	(60, '2024-01-18 11:51:29.961628+00', '2024-01-18 11:51:29.961628+00', 'um dois', 1, ''),
	(61, '2024-01-18 11:51:51.616735+00', '2024-01-18 11:51:51.616735+00', 'sdf', 1, ''),
	(62, '2024-01-18 11:53:06.108543+00', '2024-01-18 11:53:06.108543+00', 'asda', 1, ''),
	(63, '2024-01-18 11:53:55.561979+00', '2024-01-18 11:53:55.561979+00', 'boa', 1, ''),
	(64, '2024-01-18 11:55:03.602514+00', '2024-01-18 11:55:03.602514+00', 'Vasco Saraiva', 1, ''),
	(65, '2024-01-18 12:28:42.555439+00', '2024-01-18 12:28:42.555439+00', 'Damn girl', 1, ''),
	(66, '2024-01-18 13:47:35.092066+00', '2024-01-18 13:47:35.092066+00', 'Damnnnn', 1, ''),
	(67, '2024-01-18 14:00:56.816313+00', '2024-01-18 14:00:56.816313+00', 'Ola', 1, ''),
	(68, '2024-01-18 14:15:26.875089+00', '2024-01-18 14:15:26.875089+00', 'Damn daniela', 1, ''),
	(69, '2024-01-18 16:05:09.717999+00', '2024-01-18 16:05:09.717999+00', 'Daniela', 1, ''),
	(70, '2024-01-28 15:01:41.396282+00', '2024-01-28 15:01:41.396282+00', 'Ola', 2, ''),
	(72, '2024-02-25 18:06:41.450332+00', '2024-02-25 18:06:41.450332+00', 'Arnaldo is the best', 2, ''),
	(73, '2024-02-25 18:08:22.610132+00', '2024-02-25 18:08:22.610132+00', 'Arnaldo!!!', 1, ''),
	(74, '2024-02-25 18:09:18.942428+00', '2024-02-25 18:09:18.942428+00', 'VAI ARNALDO', 1, ''),
	(75, '2024-02-25 18:11:23.162788+00', '2024-02-25 18:11:23.162788+00', 'BORA', 2, ''),
	(76, '2024-02-25 18:13:29.915779+00', '2024-02-25 18:13:29.915779+00', 'asdasdasdasdasd', 2, ''),
	(81, '2024-02-25 18:21:56.407318+00', '2024-02-25 18:21:56.407318+00', 'asd', 2, ''),
	(82, '2024-02-25 18:22:44.273162+00', '2024-02-25 18:22:44.273162+00', 'asaaaaaa', 2, ''),
	(83, '2024-02-29 20:57:54.163901+00', '2024-02-29 20:57:54.163901+00', 'ok', 2, '2cc98445-653f-4c1b-bbc0-68f55002ae3d'),
	(3, '2024-01-10 19:34:45.575614+00', '2024-01-10 19:34:45.575614+00', 'Para as migas', 1, ''),
	(12, '2024-01-10 19:39:24.61238+00', '2024-01-10 19:39:24.61238+00', 'Para a Luísa', 1, ''),
	(8, '2024-01-10 19:35:52.528911+00', '2024-01-10 19:35:52.528911+00', 'Red party', 2, ''),
	(32, '2024-01-10 19:50:37.531539+00', '2024-01-10 19:50:37.531539+00', 'not your average', 2, ''),
	(27, '2024-01-10 19:49:20.6572+00', '2024-01-10 19:49:20.6572+00', 'Erasmus Noruega', 2, ''),
	(96, '2024-03-18 00:00:14.345055+00', '2024-03-18 00:00:14.345055+00', 'okpokp', 1, 'c7bfc784-76ea-4635-a7ef-966c93ae9405'),
	(71, '2024-02-21 12:30:00.781215+00', '2024-02-21 12:30:00.781215+00', 'Dune part 2', 2, 'a05ddf39-a946-47a0-aef8-9e91dfa4e4b1');


--
-- Data for Name: looks; Type: TABLE DATA; Schema: public; Owner: postgres
--

INSERT INTO "public"."looks" ("id", "created_at", "id_user", "submission_state", "views", "upvotes", "url_image", "gender") VALUES
	(32, '2024-01-10 18:45:14.792266+00', 76, 2, 0, 1200, '/looks/women/looks14_mulher.webp', 0),
	(1, '2024-01-10 15:51:55.032117+00', 31, 2, 0, 9, '/looks/women/looks1_mulher.webp', 0),
	(3, '2024-01-10 15:53:42.8256+00', 33, 2, 0, 78, '/looks/women/looks3_mulher.webp', 0),
	(2, '2024-01-10 15:52:37.79296+00', 34, 2, 0, 4, '/looks/women/looks2_mulher.webp', 0),
	(4, '2024-01-10 15:54:09.644721+00', 37, 2, 0, 108, '/looks/women/looks4_mulher.webp', 0),
	(5, '2024-01-10 15:54:35.612745+00', 41, 2, 0, 36, '/looks/women/looks5_mulher.webp', 0),
	(6, '2024-01-10 15:55:15.246627+00', 42, 2, 0, 26, '/looks/women/looks6_mulher.webp', 0),
	(7, '2024-01-10 15:55:36.806859+00', 43, 2, 0, 74, '/looks/women/looks7_mulher.webp', 0),
	(21, '2024-01-10 18:41:15.691048+00', 57, 2, 0, 137, '/looks/women/looks10_mulher.webp', 0),
	(22, '2024-01-10 18:41:38.81319+00', 58, 2, 0, 37, '/looks/women/looks9_mulher.webp', 0),
	(24, '2024-01-10 18:42:21.405406+00', 61, 2, 0, 6, '/looks/women/looks19_mulher.webp', 0),
	(25, '2024-01-10 18:42:48.973253+00', 62, 2, 0, 8, '/looks/women/looks11_mulher.webp', 0),
	(15, '2024-01-10 16:16:35.576885+00', 36, 2, 0, 34, '/looks/men/looks2_homem.webp', 1),
	(27, '2024-01-10 18:43:28.357934+00', 67, 2, 0, 87, '/looks/women/looks12_mulher.webp', 0),
	(28, '2024-01-10 18:43:48.40747+00', 68, 2, 0, 34, '/looks/women/looks8_mulher.webp', 0),
	(29, '2024-01-10 18:44:14.285081+00', 69, 2, 0, 5, '/looks/women/looks20_mulher.webp', 0),
	(30, '2024-01-10 18:44:33.517025+00', 70, 2, 0, 55, '/looks/women/looks13_mulher.webp', 0),
	(31, '2024-01-10 18:44:56.711373+00', 75, 2, 0, 80, '/looks/women/looks15_mulher.webp', 0),
	(9, '2024-01-10 16:14:07.625857+00', 24, 2, 0, 7, '/looks/men/looks12_homem.webp', 1),
	(33, '2024-01-10 18:45:33.519728+00', 77, 2, 0, 42, '/looks/women/looks16_mulher.webp', 0),
	(23, '2024-01-10 18:42:00.289006+00', 59, 2, 0, 20570, '/looks/women/looks17_mulher.webp', 0),
	(26, '2024-01-10 18:43:10.148805+00', 66, 2, 0, 7590, '/looks/women/looks18_mulher.webp', 0),
	(35, '2024-01-16 00:05:26.900282+00', 24, 2, 0, 66, '/looks/men/looks16_homem.webp', 1),
	(19, '2024-01-10 16:18:05.031247+00', 49, 2, 0, 90, '/looks/men/looks4_homem.webp', 1),
	(34, '2024-01-15 23:58:57.999392+00', 24, 2, 0, 11, '/looks/men/looks17_homem.webp', 1),
	(10, '2024-01-10 16:14:25.443339+00', 29, 2, 0, 2, '/looks/men/looks1_homem.webp', 1),
	(13, '2024-01-10 16:15:51.530346+00', 32, 2, 0, 6, '/looks/men/looks11_homem.webp', 1),
	(16, '2024-01-10 16:16:56.611088+00', 38, 2, 0, 62, '/looks/men/looks9_homem.webp', 1),
	(18, '2024-01-10 16:17:43.955344+00', 48, 2, 0, 47, '/looks/men/looks6_homem.webp', 1),
	(17, '2024-01-10 16:17:18.614197+00', 40, 2, 0, 1, '/looks/men/looks7_homem.webp', 1),
	(14, '2024-01-10 16:16:10.999689+00', 35, 2, 0, 12, '/looks/men/looks13_homem.webp', 1),
	(20, '2024-01-10 16:18:28.461719+00', 55, 2, 0, 103, '/looks/men/looks5_homem.webp', 1),
	(8, '2024-01-10 16:13:17.838944+00', 23, 2, 0, 54, '/looks/men/looks8_homem.webp', 1),
	(11, '2024-01-10 16:14:44.700566+00', 28, 2, 0, 18, '/looks/men/looks10_homem.webp', 1),
	(12, '2024-01-10 16:15:30.812957+00', 30, 2, 0, 21, '/looks/men/looks3_homem.webp', 1);


--
-- Data for Name: collections_has_looks; Type: TABLE DATA; Schema: public; Owner: postgres
--

INSERT INTO "public"."collections_has_looks" ("id_collection", "created_at", "id_look", "id_user") VALUES
	(2, '2024-01-11 10:42:08.290121+00', 1, NULL),
	(3, '2024-01-11 10:42:13.222792+00', 2, NULL),
	(4, '2024-01-11 10:42:19.191524+00', 5, NULL),
	(5, '2024-01-11 10:42:26.775241+00', 3, NULL),
	(6, '2024-01-11 10:42:33.166239+00', 4, NULL),
	(7, '2024-01-11 10:42:38.397613+00', 6, NULL),
	(8, '2024-01-11 10:42:47.402966+00', 7, NULL),
	(9, '2024-01-11 10:42:54.879532+00', 8, NULL),
	(10, '2024-01-11 10:43:02.254916+00', 9, NULL),
	(11, '2024-01-11 10:43:06.920158+00', 10, NULL),
	(12, '2024-01-11 10:43:12.864136+00', 11, NULL),
	(13, '2024-01-11 10:43:18.031255+00', 12, NULL),
	(14, '2024-01-11 10:43:26.537364+00', 13, NULL),
	(15, '2024-01-11 10:43:32.40054+00', 14, NULL),
	(16, '2024-01-11 10:43:38.120856+00', 15, NULL),
	(17, '2024-01-11 10:43:46.700643+00', 16, NULL),
	(18, '2024-01-11 10:43:51.99563+00', 17, NULL),
	(19, '2024-01-11 10:43:59.410377+00', 18, NULL),
	(20, '2024-01-11 10:44:05.79488+00', 19, NULL),
	(21, '2024-01-11 10:44:10.437481+00', 20, NULL),
	(22, '2024-01-11 10:44:14.624546+00', 21, NULL),
	(23, '2024-01-11 10:44:19.886966+00', 22, NULL),
	(24, '2024-01-11 10:44:26.251383+00', 23, NULL),
	(25, '2024-01-11 10:44:30.948047+00', 24, NULL),
	(26, '2024-01-11 10:44:38.435549+00', 25, NULL),
	(27, '2024-01-11 10:44:43.772284+00', 26, NULL),
	(28, '2024-01-11 10:44:53.752219+00', 27, NULL),
	(29, '2024-01-11 10:44:59.21376+00', 28, NULL),
	(30, '2024-01-11 10:45:04.863598+00', 29, NULL),
	(31, '2024-01-11 10:45:21.0067+00', 30, NULL),
	(32, '2024-01-11 10:45:39.407371+00', 31, NULL),
	(33, '2024-01-11 10:45:44.509946+00', 32, NULL),
	(34, '2024-01-11 10:45:53.881245+00', 33, NULL),
	(35, '2024-01-11 10:46:06.865021+00', 1, NULL),
	(36, '2024-01-11 10:46:12.328054+00', 2, NULL),
	(2, '2024-01-11 10:46:20.972748+00', 12, NULL),
	(3, '2024-01-11 10:46:37.126128+00', 31, NULL),
	(3, '2024-01-11 10:46:42.610228+00', 26, NULL),
	(4, '2024-01-11 10:46:48.647955+00', 6, NULL),
	(5, '2024-01-11 10:46:55.160369+00', 27, NULL),
	(5, '2024-01-11 10:47:00.358613+00', 6, NULL),
	(5, '2024-01-11 10:47:06.2772+00', 30, NULL),
	(5, '2024-01-11 10:47:12.348096+00', 17, NULL),
	(5, '2024-01-11 10:47:17.952416+00', 32, NULL),
	(5, '2024-01-11 10:47:24.335386+00', 1, NULL),
	(7, '2024-01-11 10:47:32.144064+00', 10, NULL),
	(8, '2024-01-11 10:47:36.795074+00', 5, NULL),
	(8, '2024-01-11 10:47:41.564426+00', 21, NULL),
	(8, '2024-01-11 10:47:46.49264+00', 30, NULL),
	(8, '2024-01-11 10:47:50.728912+00', 10, NULL),
	(9, '2024-01-11 10:47:56.570696+00', 4, NULL),
	(13, '2024-01-11 10:48:02.277398+00', 31, NULL),
	(13, '2024-01-11 10:48:08.04893+00', 3, NULL),
	(14, '2024-01-11 10:48:12.830567+00', 14, NULL),
	(14, '2024-01-11 10:48:17.882192+00', 18, NULL),
	(14, '2024-01-11 10:48:25.022467+00', 31, NULL),
	(15, '2024-01-11 10:48:31.281432+00', 5, NULL),
	(20, '2024-01-11 10:48:37.095908+00', 28, NULL),
	(20, '2024-01-11 10:48:42.684504+00', 3, NULL),
	(20, '2024-01-11 10:48:48.990257+00', 29, NULL),
	(20, '2024-01-11 10:48:54.809408+00', 7, NULL),
	(20, '2024-01-11 10:49:00.208134+00', 31, NULL),
	(21, '2024-01-11 10:49:05.373946+00', 4, NULL),
	(24, '2024-01-11 10:49:12.94612+00', 8, NULL),
	(24, '2024-01-11 10:49:18.510547+00', 7, NULL),
	(24, '2024-01-11 10:49:24.802793+00', 27, NULL),
	(24, '2024-01-11 10:49:30.368454+00', 4, NULL),
	(26, '2024-01-11 10:49:36.496413+00', 11, NULL),
	(28, '2024-01-11 10:49:43.668196+00', 3, NULL),
	(30, '2024-01-11 10:49:54.11593+00', 22, NULL),
	(30, '2024-01-11 10:50:08.965079+00', 9, NULL),
	(30, '2024-01-11 10:50:15.396416+00', 30, NULL),
	(32, '2024-01-11 10:50:22.420561+00', 7, NULL),
	(33, '2024-01-11 10:50:26.980295+00', 30, NULL),
	(33, '2024-01-11 10:50:31.195861+00', 6, NULL),
	(36, '2024-01-11 10:50:37.656011+00', 22, NULL),
	(35, '2024-01-11 10:50:42.934201+00', 12, NULL),
	(35, '2024-01-11 10:50:48.577664+00', 23, NULL),
	(35, '2024-01-11 10:50:53.600654+00', 28, NULL),
	(17, '2024-01-16 16:48:45.577979+00', 8, NULL),
	(17, '2024-01-16 17:02:09.666989+00', 20, NULL),
	(44, '2024-01-18 00:13:42.854555+00', 1, NULL),
	(3, '2024-01-17 07:14:09.161517+00', 22, NULL),
	(3, '2024-01-17 07:15:37.80404+00', 3, NULL),
	(57, '2024-01-18 11:49:00.788679+00', 23, NULL),
	(3, '2024-01-17 07:24:18.875138+00', 6, NULL),
	(58, '2024-01-18 11:50:05.766695+00', 23, NULL),
	(3, '2024-01-17 07:25:44.858838+00', 7, NULL),
	(59, '2024-01-18 11:51:02.171734+00', 23, NULL),
	(60, '2024-01-18 11:51:30.061463+00', 23, NULL),
	(61, '2024-01-18 11:51:51.700668+00', 23, NULL),
	(62, '2024-01-18 11:53:06.196229+00', 23, NULL),
	(63, '2024-01-18 11:53:55.679071+00', 23, NULL),
	(64, '2024-01-18 11:55:03.743457+00', 15, NULL),
	(65, '2024-01-18 12:28:42.681421+00', 23, NULL),
	(66, '2024-01-18 13:47:35.273735+00', 1, NULL),
	(67, '2024-01-18 14:00:56.954869+00', 2, NULL),
	(3, '2024-01-17 08:03:35.542149+00', 8, NULL),
	(38, '2024-01-17 15:35:34.262594+00', 2, NULL),
	(68, '2024-01-18 14:15:27.028879+00', 28, NULL),
	(69, '2024-01-18 16:05:09.882072+00', 5, NULL),
	(43, '2024-01-17 20:47:17.917207+00', 11, NULL),
	(8, '2024-01-28 15:01:20.240423+00', 23, NULL),
	(45, '2024-01-17 21:36:39.421816+00', 20, NULL),
	(5, '2024-01-28 15:01:20.96494+00', 23, NULL),
	(70, '2024-01-28 15:01:41.688832+00', 23, NULL),
	(72, '2024-02-25 18:06:41.555253+00', 21, NULL),
	(45, '2024-01-17 22:12:36.061199+00', 9, NULL),
	(73, '2024-02-25 18:08:22.713459+00', 23, NULL),
	(74, '2024-02-25 18:09:19.050066+00', 21, NULL),
	(75, '2024-02-25 18:11:23.264047+00', 21, NULL),
	(76, '2024-02-25 18:13:30.03504+00', 21, NULL),
	(82, '2024-02-25 18:22:44.400773+00', 21, NULL),
	(71, '2024-02-29 20:57:45.380175+00', 32, NULL),
	(83, '2024-02-29 20:57:54.277658+00', 32, NULL);


--
-- Data for Name: collections_has_users; Type: TABLE DATA; Schema: public; Owner: postgres
--

INSERT INTO "public"."collections_has_users" ("id_collection", "created_at", "id_user", "is_admin") VALUES
	(3, '2024-01-11 10:52:33.122992+00', 33, false),
	(3, '2024-01-11 10:52:44.12954+00', 41, false),
	(3, '2024-01-11 10:52:53.800945+00', 57, false),
	(3, '2024-01-11 10:53:04.277277+00', 54, false),
	(4, '2024-01-11 10:54:11.527048+00', 37, true),
	(5, '2024-01-11 10:54:38.803192+00', 24, true),
	(6, '2024-01-11 10:54:57.530992+00', 28, true),
	(7, '2024-01-11 10:55:13.485265+00', 29, true),
	(8, '2024-01-11 10:55:37.096649+00', 23, true),
	(8, '2024-01-11 10:55:47.446586+00', 24, false),
	(8, '2024-01-11 10:56:08.405113+00', 40, false),
	(9, '2024-01-11 10:56:35.446926+00', 32, true),
	(10, '2024-01-11 10:56:47.184366+00', 35, true),
	(11, '2024-01-11 10:57:12.220798+00', 38, true),
	(12, '2024-01-11 10:57:33.195119+00', 42, true),
	(12, '2024-01-11 10:57:52.437617+00', 77, false),
	(13, '2024-01-11 10:58:02.158961+00', 48, true),
	(14, '2024-01-11 10:58:13.285327+00', 49, true),
	(15, '2024-01-11 10:58:21.019255+00', 33, true),
	(16, '2024-01-11 10:58:38.423091+00', 31, true),
	(17, '2024-01-11 11:00:02.948302+00', 55, false),
	(18, '2024-01-11 11:00:50.228063+00', 59, true),
	(19, '2024-01-11 11:00:58.491547+00', 79, true),
	(20, '2024-01-11 11:01:14.44227+00', 74, true),
	(21, '2024-01-11 11:02:12.077899+00', 64, true),
	(21, '2024-01-11 11:02:22.081538+00', 60, false),
	(21, '2024-01-11 11:02:36.106403+00', 73, false),
	(22, '2024-01-11 11:03:09.366515+00', 70, true),
	(23, '2024-01-11 11:03:38.564516+00', 72, true),
	(24, '2024-01-11 11:04:03.484625+00', 72, true),
	(25, '2024-01-11 11:04:39.953169+00', 70, true),
	(26, '2024-01-11 11:05:00.210884+00', 45, true),
	(27, '2024-01-11 11:05:20.462205+00', 61, true),
	(27, '2024-01-11 11:05:31.931179+00', 73, false),
	(27, '2024-01-11 11:05:44.151614+00', 65, false),
	(28, '2024-01-11 11:07:23.423041+00', 64, true),
	(29, '2024-01-11 11:07:54.769525+00', 53, true),
	(30, '2024-01-11 11:08:11.989605+00', 80, true),
	(31, '2024-01-11 11:08:20.066071+00', 76, true),
	(32, '2024-01-11 11:08:41.4544+00', 51, true),
	(32, '2024-01-11 11:08:51.480158+00', 63, false),
	(32, '2024-01-11 11:08:59.406664+00', 69, false),
	(33, '2024-01-11 11:09:14.316001+00', 59, true),
	(34, '2024-01-11 11:09:24.762151+00', 56, true),
	(35, '2024-01-11 11:09:42.292312+00', 72, true),
	(35, '2024-01-11 11:09:53.082764+00', 71, false),
	(35, '2024-01-11 11:10:07.271467+00', 60, false),
	(35, '2024-01-11 11:10:29.375262+00', 24, false),
	(36, '2024-01-11 11:10:51.083976+00', 51, true),
	(8, '2024-01-11 10:59:31.17398+00', 39, true),
	(21, '2024-01-11 10:59:40.097854+00', 40, false),
	(12, '2024-01-16 18:02:57.327011+00', 82, false),
	(32, '2024-01-16 18:03:11.357654+00', 82, false),
	(17, '2024-01-16 18:51:26.055099+00', 35, false),
	(17, '2024-01-16 18:51:56.371186+00', 40, false),
	(17, '2024-01-16 15:25:52.573038+00', 82, false),
	(3, '2024-01-11 10:52:23.825193+00', 22, true),
	(38, '2024-01-17 15:34:59.308711+00', 22, true),
	(2, '2024-01-11 10:52:00.986143+00', 22, true),
	(44, '2024-01-17 20:48:02.357389+00', 83, true),
	(45, '2024-01-17 21:36:39.561892+00', 83, true),
	(46, '2024-01-17 23:38:59.881846+00', 83, true),
	(47, '2024-01-17 23:39:44.363394+00', 83, true),
	(48, '2024-01-17 23:39:49.708675+00', 83, true),
	(49, '2024-01-17 23:40:03.084054+00', 83, true),
	(50, '2024-01-18 00:04:03.996874+00', 83, true),
	(51, '2024-01-18 00:04:14.226532+00', 83, true),
	(52, '2024-01-18 10:46:40.097389+00', 84, true),
	(53, '2024-01-18 10:46:44.784491+00', 84, true),
	(54, '2024-01-18 10:47:09.399971+00', 84, true),
	(55, '2024-01-18 10:47:15.02006+00', 84, true),
	(56, '2024-01-18 10:47:16.938064+00', 84, true),
	(57, '2024-01-18 11:49:00.922021+00', 22, true),
	(58, '2024-01-18 11:50:05.853895+00', 22, true),
	(59, '2024-01-18 11:51:02.270102+00', 22, true),
	(60, '2024-01-18 11:51:30.198629+00', 22, true),
	(61, '2024-01-18 11:51:51.788659+00', 22, true),
	(62, '2024-01-18 11:53:06.302978+00', 22, true),
	(63, '2024-01-18 11:53:55.762933+00', 22, true),
	(64, '2024-01-18 11:55:03.900487+00', 22, true),
	(65, '2024-01-18 12:28:42.810903+00', 84, true),
	(66, '2024-01-18 13:47:35.43325+00', 84, true),
	(67, '2024-01-18 14:00:57.122108+00', 84, true),
	(68, '2024-01-18 14:15:27.193314+00', 84, true),
	(69, '2024-01-18 16:05:10.051143+00', 84, true),
	(70, '2024-01-28 15:01:41.91902+00', 24, true),
	(71, '2024-02-21 12:30:01.19943+00', 104, true),
	(80, '2024-02-25 18:21:07.052601+00', 104, true),
	(86, '2024-03-04 18:58:36.625708+00', 104, true),
	(96, '2024-03-18 00:00:14.485064+00', 104, true);


--
-- Data for Name: coupons; Type: TABLE DATA; Schema: public; Owner: postgres
--

INSERT INTO "public"."coupons" ("id", "created_at", "title", "description", "discount", "cost", "is_special") VALUES
	(1, '2024-03-08 09:25:53.106436+00', 'Desconto de 10% na Adidas', 'Cupão simples de desconto de 10% na Adidas', 10, 100, false),
	(5, '2024-03-08 09:27:49.756686+00', 'Desconto de 25% na Nike', 'Cupão simples de desconto de 25% na Nike', 25, 220, false),
	(4, '2024-03-08 09:27:22.82542+00', 'Desconto de 20% na H&M', 'Cupão simples de desconto de 20% na H&M', 20, 180, false),
	(3, '2024-03-08 09:26:52.522826+00', 'Desconto de 15% na Ellesse', '
Cupão simples de desconto de 15% na Ellesse', 15, 140, false),
	(2, '2024-03-08 09:26:26.588302+00', 'Desconto de 5% na Lacoste', 'Cupão simples de desconto de 5% na Lacoste', 5, 50, false),
	(6, '2024-03-09 08:52:17.590907+00', 'Desconto de 15% em marcas alemãs', 'Cupão simples de desconto de 15% em marcas alemãs', 15, 140, false);


--
-- Data for Name: coupons_has_brands; Type: TABLE DATA; Schema: public; Owner: postgres
--

INSERT INTO "public"."coupons_has_brands" ("created_at", "id_brand", "id_coupon") VALUES
	('2024-03-08 09:29:25.003518+00', 8, 2),
	('2024-03-08 09:29:47.315226+00', 6, 3),
	('2024-03-08 09:29:53.358509+00', 5, 4),
	('2024-03-08 09:29:33.049177+00', 2, 1),
	('2024-03-08 09:29:16.459529+00', 8, 5),
	('2024-03-09 08:54:22.783221+00', 1, 6),
	('2024-03-09 08:54:37.452644+00', 2, 6);


--
-- Data for Name: images; Type: TABLE DATA; Schema: public; Owner: postgres
--





INSERT INTO "public"."products_has_images" ("id", "created_at", "url", "alt", "id_product") VALUES
	(1, '2024-01-03 14:04:02.808562+00', '/products/men/image_1.webp', 'Product 14 Image 1', 14),
	(2, '2024-01-03 14:04:02.808562+00', '/products/men/image_2.webp', 'Product 14 Image 2', 14),
	(3, '2024-01-03 14:04:02.808562+00', '/products/men/image_1.webp', 'Product 15 Image 1', 15),
	(4, '2024-01-03 14:04:02.808562+00', '/products/men/image_1.webp', 'Product 16 Image 1', 16),
	(5, '2024-01-03 14:04:02.808562+00', '/products/men/image_2.webp', 'Product 16 Image 2', 16),
	(6, '2024-01-03 14:04:02.808562+00', '/products/men/image_1.webp', 'Product 17 Image 1', 17),
	(7, '2024-01-03 14:04:02.808562+00', '/products/men/image_1.webp', 'Product 18 Image 1', 18),
	(8, '2024-01-03 14:04:02.808562+00', '/products/men/image_2.webp', 'Product 18 Image 2', 18),
	(9, '2024-01-03 14:04:02.808562+00', '/products/men/image_3.webp', 'Product 18 Image 3', 18),
	(10, '2024-01-03 14:04:02.808562+00', '/products/men/image_1.webp', 'Product 19 Image 1', 19),
	(11, '2024-01-03 14:04:02.808562+00', '/products/men/image_2.webp', 'Product 19 Image 2', 19),
	(12, '2024-01-03 14:04:02.808562+00', '/products/men/image_1.webp', 'Product 20 Image 1', 20),
	(13, '2024-01-03 14:04:02.808562+00', '/products/men/image_1.webp', 'Product 21 Image 1', 21),
	(14, '2024-01-03 14:04:02.808562+00', '/products/men/image_2.webp', 'Product 21 Image 2', 21),
	(15, '2024-01-03 14:04:02.808562+00', '/products/men/image_1.webp', 'Product 22 Image 1', 22),
	(16, '2024-01-03 14:04:02.808562+00', '/products/men/image_2.webp', 'Product 22 Image 2', 22),
	(17, '2024-01-03 14:04:02.808562+00', '/products/men/image_3.webp', 'Product 22 Image 3', 22),
	(18, '2024-01-03 14:04:02.808562+00', '/products/men/image_1.webp', 'Product 23 Image 1', 23),
	(19, '2024-01-03 14:04:02.808562+00', '/products/men/image_2.webp', 'Product 23 Image 2', 23),
	(20, '2024-01-03 14:04:02.808562+00', '/products/men/image_1.webp', 'Product 24 Image 1', 24),
	(21, '2024-01-03 14:04:02.808562+00', '/products/men/image_1.webp', 'Product 25 Image 1', 25),
	(22, '2024-01-03 14:04:02.808562+00', '/products/men/image_2.webp', 'Product 25 Image 2', 25),
	(23, '2024-01-03 14:04:02.808562+00', '/products/men/image_1.webp', 'Product 26 Image 1', 26),
	(24, '2024-01-03 14:04:02.808562+00', '/products/men/image_2.webp', 'Product 26 Image 2', 26),
	(25, '2024-01-03 14:04:02.808562+00', '/products/men/image_3.webp', 'Product 26 Image 3', 26),
	(26, '2024-01-03 14:04:02.808562+00', '/products/men/image_1.webp', 'Product 27 Image 1', 27),
	(27, '2024-01-03 14:04:02.808562+00', '/products/men/image_1.webp', 'Product 28 Image 1', 28),
	(28, '2024-01-03 14:04:02.808562+00', '/products/men/image_2.webp', 'Product 28 Image 2', 28),
	(29, '2024-01-03 14:04:02.808562+00', '/products/men/image_1.webp', 'Product 29 Image 1', 29),
	(30, '2024-01-03 14:04:02.808562+00', '/products/men/image_2.webp', 'Product 29 Image 2', 29),
	(31, '2024-01-03 14:04:02.808562+00', '/products/men/image_3.webp', 'Product 29 Image 3', 29),
	(32, '2024-01-03 14:04:02.808562+00', '/products/men/image_1.webp', 'Product 30 Image 1', 30),
	(33, '2024-01-03 14:04:02.808562+00', '/products/men/image_1.webp', 'Product 31 Image 1', 31),
	(34, '2024-01-03 14:04:02.808562+00', '/products/men/image_2.webp', 'Product 31 Image 2', 31),
	(35, '2024-01-03 14:04:02.808562+00', '/products/men/image_1.webp', 'Product 32 Image 1', 32),
	(36, '2024-01-03 14:04:02.808562+00', '/products/men/image_2.webp', 'Product 32 Image 2', 32),
	(37, '2024-01-03 14:04:02.808562+00', '/products/men/image_3.webp', 'Product 32 Image 3', 32),
	(38, '2024-01-03 14:04:02.808562+00', '/products/men/image_1.webp', 'Product 33 Image 1', 33),
	(39, '2024-01-03 14:04:02.808562+00', '/products/men/image_2.webp', 'Product 33 Image 2', 33),
	(40, '2024-01-03 14:04:02.808562+00', '/products/men/image_1.webp', 'Product 34 Image 1', 34),
	(41, '2024-01-03 14:04:02.808562+00', '/products/men/image_1.webp', 'Product 35 Image 1', 35),
	(42, '2024-01-03 14:04:02.808562+00', '/products/men/image_2.webp', 'Product 35 Image 2', 35),
	(43, '2024-01-03 14:04:02.808562+00', '/products/men/image_1.webp', 'Product 36 Image 1', 36),
	(44, '2024-01-03 14:04:02.808562+00', '/products/men/image_2.webp', 'Product 36 Image 2', 36),
	(45, '2024-01-03 14:04:02.808562+00', '/products/men/image_3.webp', 'Product 36 Image 3', 36),
	(46, '2024-01-03 14:04:02.808562+00', '/products/men/image_1.webp', 'Product 37 Image 1', 37),
	(47, '2024-01-03 14:04:02.808562+00', '/products/men/image_1.webp', 'Product 38 Image 1', 38),
	(48, '2024-01-03 14:04:02.808562+00', '/products/men/image_2.webp', 'Product 38 Image 2', 38),
	(49, '2024-01-03 14:04:02.808562+00', '/products/men/image_1.webp', 'Product 39 Image 1', 39),
	(50, '2024-01-03 14:04:02.808562+00', '/products/men/image_2.webp', 'Product 39 Image 2', 39),
	(51, '2024-01-03 14:04:02.808562+00', '/products/men/image_3.webp', 'Product 39 Image 3', 39),
	(52, '2024-01-03 14:04:02.808562+00', '/products/men/image_1.webp', 'Product 40 Image 1', 40),
	(53, '2024-01-03 14:04:02.808562+00', '/products/men/image_1.webp', 'Product 41 Image 1', 41),
	(54, '2024-01-03 14:04:02.808562+00', '/products/men/image_2.webp', 'Product 41 Image 2', 41),
	(55, '2024-01-03 14:04:02.808562+00', '/products/men/image_1.webp', 'Product 42 Image 1', 42),
	(56, '2024-01-03 14:04:02.808562+00', '/products/men/image_2.webp', 'Product 42 Image 2', 42),
	(57, '2024-01-03 14:04:02.808562+00', '/products/men/image_3.webp', 'Product 42 Image 3', 42),
	(58, '2024-01-03 14:04:02.808562+00', '/products/men/image_1.webp', 'Product 43 Image 1', 43),
	(59, '2024-01-03 14:04:02.808562+00', '/products/men/image_2.webp', 'Product 43 Image 2', 43),
	(60, '2024-01-03 14:04:02.808562+00', '/products/men/image_1.webp', 'Product 44 Image 1', 44),
	(61, '2024-01-03 14:04:02.808562+00', '/products/men/image_1.webp', 'Product 45 Image 1', 45),
	(62, '2024-01-03 14:04:02.808562+00', '/products/men/image_2.webp', 'Product 45 Image 2', 45),
	(63, '2024-01-03 14:04:02.808562+00', '/products/men/image_1.webp', 'Product 46 Image 1', 46),
	(64, '2024-01-03 14:04:02.808562+00', '/products/men/image_2.webp', 'Product 46 Image 2', 46),
	(65, '2024-01-03 14:04:02.808562+00', '/products/men/image_3.webp', 'Product 46 Image 3', 46),
	(66, '2024-01-03 14:04:02.808562+00', '/products/men/image_1.webp', 'Product 47 Image 1', 47),
	(67, '2024-01-03 14:04:02.808562+00', '/products/men/image_1.webp', 'Product 48 Image 1', 48),
	(68, '2024-01-03 14:04:02.808562+00', '/products/men/image_2.webp', 'Product 48 Image 2', 48),
	(69, '2024-01-03 14:04:02.808562+00', '/products/men/image_1.webp', 'Product 49 Image 1', 49),
	(70, '2024-01-03 14:04:02.808562+00', '/products/men/image_2.webp', 'Product 49 Image 2', 49),
	(71, '2024-01-03 14:04:02.808562+00', '/products/men/image_1.webp', 'Product 50 Image 1', 50),
	(72, '2024-01-03 14:04:02.808562+00', '/products/men/image_2.webp', 'Product 50 Image 2', 50),
	(73, '2024-01-03 14:04:02.808562+00', '/products/men/image_1.webp', 'Product 51 Image 1', 51),
	(74, '2024-01-03 14:04:02.808562+00', '/products/men/image_1.webp', 'Product 52 Image 1', 52),
	(75, '2024-01-03 14:04:02.808562+00', '/products/men/image_2.webp', 'Product 52 Image 2', 52),
	(76, '2024-01-03 14:04:02.808562+00', '/products/men/image_3.webp', 'Product 52 Image 3', 52),
	(77, '2024-01-03 14:04:02.808562+00', '/products/men/image_1.webp', 'Product 53 Image 1', 53),
	(78, '2024-01-03 14:04:02.808562+00', '/products/men/image_2.webp', 'Product 53 Image 2', 53),
	(79, '2024-01-03 14:04:02.808562+00', '/products/men/image_1.webp', 'Product 54 Image 1', 54),
	(80, '2024-01-03 14:04:02.808562+00', '/products/men/image_2.webp', 'Product 54 Image 2', 54),
	(81, '2024-01-03 14:04:02.808562+00', '/products/men/image_1.webp', 'Product 55 Image 1', 55),
	(82, '2024-01-03 14:04:02.808562+00', '/products/men/image_2.webp', 'Product 55 Image 2', 55),
	(83, '2024-01-03 14:04:02.808562+00', '/products/men/image_1.webp', 'Product 56 Image 1', 56),
	(84, '2024-01-03 14:04:02.808562+00', '/products/men/image_2.webp', 'Product 56 Image 2', 56),
	(85, '2024-01-03 14:04:02.808562+00', '/products/men/image_1.webp', 'Product 57 Image 1', 57),
	(86, '2024-01-03 14:04:02.808562+00', '/products/men/image_1.webp', 'Product 58 Image 1', 58),
	(87, '2024-01-03 14:04:02.808562+00', '/products/men/image_1.webp', 'Product 59 Image 1', 59),
	(88, '2024-01-17 05:35:35.365611+00', '/products/women/malha1_f1.png', 'Product 60 Image 1', 60),
	(89, '2024-01-17 05:36:08.973277+00', '/products/women/malha1_f2.png', 'Product 60 Image 2', 60),
	(90, '2024-01-17 05:43:22.689325+00', '/products/women/malha2_f1.png', 'Product 61 Image 1', 61),
	(91, '2024-01-17 05:43:48.754166+00', '/products/women/malha2_f2.png', 'Product 62 Image 2', 61),
	(92, '2024-01-17 05:50:00.753173+00', '/products/women/malha3_f1.png', 'Product 62 Image 1', 62),
	(93, '2024-01-17 05:50:23.72167+00', '/products/women/malha3_f2.png', 'Product 62 Image 2', 62),
	(94, '2024-01-17 05:53:31.132878+00', '/products/women/colete1_f1.png', 'Product 63 Image 1', 63),
	(95, '2024-01-17 05:53:50.724004+00', '/products/women/colete1_f2.png', 'Product 63 Image 2', 63),
	(96, '2024-01-17 05:59:02.715031+00', '/products/women/colete2_f1.png', 'Product 64 Image 1', 64),
	(97, '2024-01-17 05:59:20.34865+00', '/products/women/colete2_f2.png', 'Product 64 Image 2', 64),
	(98, '2024-01-17 06:04:58.134086+00', '/products/women/colete3_f1.png', 'Product 65 Image 1', 65),
	(99, '2024-01-17 06:05:15.241995+00', '/products/women/colete3_f2.png', 'Product 65 Image 2', 65),
	(100, '2024-01-17 06:08:56.89324+00', '/products/women/blazer1_f1.png', 'Product 66 Image 1', 66),
	(101, '2024-01-17 06:09:14.550182+00', '/products/women/blazer1_f2.png', 'Product 66 Image 2', 66),
	(102, '2024-01-17 06:14:37.317086+00', '/products/women/blazer2_f1.png', 'Product 67 Image 1', 67),
	(103, '2024-01-17 06:14:54.249435+00', '/products/women/blazer2_f2.png', 'Product 67 Image 2', 67),
	(104, '2024-01-17 06:18:12.926438+00', '/products/women/blazer3_f1.png', 'Product 68 Image 1', 68),
	(105, '2024-01-17 06:18:45.43045+00', '/products/women/blazer3_f2.png', 'Product 68 Image 2', 68),
	(106, '2024-01-17 06:28:08.409157+00', '/products/women/camisola1_f1.png', 'Product 69 Image 1', 69),
	(107, '2024-01-17 06:28:26.472586+00', '/products/women/camisola1_f2.png', 'Product 69 Image 2', 69),
	(108, '2024-01-17 07:01:39.947572+00', '/products/women/camisola2_f1.png', 'Product 70 Image 1', 70),
	(109, '2024-01-17 07:01:59.301714+00', '/products/women/camisola2_f2.png', 'Product 70 Image 2', 70),
	(110, '2024-01-17 07:06:21.15521+00', '/products/women/camisola3_f1.png', 'Product 71 Image 1', 71),
	(111, '2024-01-17 07:06:37.70482+00', '/products/women/camisola3_f2.png', 'Product 71 Image 2', 71),
	(112, '2024-01-17 07:10:23.295403+00', '/products/women/casaco1_f1.png', 'Product 72 Image 1', 72),
	(113, '2024-01-17 07:10:42.839811+00', '/products/women/casaco1_f2.png', 'Product 72 Image 2', 72),
	(114, '2024-01-17 07:13:56.457055+00', '/products/women/casaco2_f1.png', 'Product 73 Image 1', 73),
	(115, '2024-01-17 07:14:16.024454+00', '/products/women/casaco2_f2.png', 'Product 73 Image 2', 73),
	(116, '2024-01-17 07:19:27.093822+00', '/products/women/casaco3_f1.png', 'Product 74 Image 1', 74),
	(117, '2024-01-17 07:19:43.847911+00', '/products/women/casaco3_f2.png', 'Product 74 Image 2', 74),
	(118, '2024-01-17 07:24:29.794115+00', '/products/women/tshirt1_f1.png', 'Product 75 Image 1', 75),
	(119, '2024-01-17 07:24:49.610335+00', '/products/women/tshirt1_f2.png', 'Product 75 Image 2', 75),
	(120, '2024-01-17 07:27:50.543523+00', '/products/women/tshirt2_f1.png', 'Product 76 Image 1', 76),
	(121, '2024-01-17 07:28:08.529083+00', '/products/women/tshirt2_f2.png', 'Product 76 Image 2', 76),
	(122, '2024-01-17 07:32:44.88254+00', '/products/women/tshirt3_f1.png', 'Product 77 Image 1', 77),
	(123, '2024-01-17 07:33:03.280197+00', '/products/women/tshirt3_f2.png', 'Product 77 Image 2', 77),
	(124, '2024-01-17 07:38:11.644514+00', '/products/women/polo1_f1.png', 'Product 78 Image 1', 78),
	(125, '2024-01-17 07:38:27.816357+00', '/products/women/polo1_f2.png', 'Product 78 Image 2', 78),
	(126, '2024-01-17 07:43:44.22373+00', '/products/women/polo2_f1.png', 'Product 79 Image 1', 79),
	(127, '2024-01-17 07:44:03.569015+00', '/products/women/polo2_f2.png', 'Product 79 Image 2', 79),
	(128, '2024-01-17 07:51:22.704356+00', '/products/women/sweat1_f1.png', 'Product 80 Image 1', 80),
	(129, '2024-01-17 07:51:42.929609+00', '/products/women/sweat1_f2.png', 'Product 80 Image 2', 80),
	(130, '2024-01-17 07:56:59.637072+00', '/products/women/sweat2_f1.png', 'Product 81 Image 1', 81),
	(131, '2024-01-17 07:57:19.502102+00', '/products/women/sweat2_f2.png', 'Product 81 Image 2', 81),
	(132, '2024-01-17 08:00:08.345208+00', '/products/women/sweat3_f1.png', 'Product 82 Image 1', 82),
	(133, '2024-01-17 08:00:24.798679+00', '/products/women/sweat3_f2.png', 'Product 82 Image 2', 82),
	(134, '2024-01-17 08:04:37.335845+00', '/products/women/sweat4_f1.png', 'Product 83 Image 1', 83),
	(135, '2024-01-17 08:04:56.117618+00', '/products/women/sweat4_f2.png', 'Product 83 Image 2', 83),
	(136, '2024-01-17 16:28:26.402677+00', '/products/women/camisa1_f1.png', 'Product 84 Image 1', 84),
	(137, '2024-01-17 16:28:43.82423+00', '/products/women/camisa1_f2.png', 'Product 84 Image 2', 84),
	(138, '2024-01-17 16:32:56.914599+00', '/products/women/camisa2_f1.png', 'Product 85 Image 1', 85),
	(139, '2024-01-17 16:33:13.962722+00', '/products/women/camisa2_f2.png', 'Product 85 Image 2', 85),
	(140, '2024-01-17 16:49:19.350492+00', '/products/women/camisa3_f1.png', 'Product 86 Image 1', 86),
	(141, '2024-01-17 16:49:35.85926+00', '/products/women/camisa3_f2.png', 'Product 86 Image 2', 86),
	(142, '2024-01-17 16:54:21.401124+00', '/products/women/top1_f1.png', 'Product 87 Image 1', 87),
	(143, '2024-01-17 16:54:37.270882+00', '/products/women/top1_f2.png', 'Product 87 Image 2', 87),
	(144, '2024-01-17 16:59:23.534413+00', '/products/women/top2_f1.png', 'Product 88 Image 1', 88),
	(145, '2024-01-17 16:59:37.876744+00', '/products/women/top2_f2.png', 'Product 88 Image 2', 88),
	(146, '2024-01-17 17:04:01.996579+00', '/products/women/top3_f1.png', 'Product 89 Image 1', 89),
	(147, '2024-01-17 17:04:25.532032+00', '/products/women/top3_f2.png', 'Product 89 Image 2', 89),
	(148, '2024-01-17 17:20:49.686759+00', '/products/women/top4_f1.png', 'Product 90 Image 1', 90),
	(149, '2024-01-17 17:21:06.101514+00', '/products/women/top4_f2.png', 'Product 90 Image 2', 90),
	(150, '2024-01-17 17:25:30.688601+00', '/products/women/calcas1_f1.png', 'Product 91 Image 1', 91),
	(151, '2024-01-17 17:25:45.832113+00', '/products/women/calcas1_f2.png', 'Product 91 Image 2', 91),
	(152, '2024-01-17 17:28:41.894445+00', '/products/women/calcas2_f1.png', 'Product 92 Image 1', 92),
	(153, '2024-01-17 17:29:00.006715+00', '/products/women/calcas2_f2.png', 'Product 92 Image 2', 92),
	(154, '2024-01-17 17:31:21.816886+00', '/products/women/calcas3_f1.png', 'Product 93 Image 1', 93),
	(155, '2024-01-17 17:31:40.47489+00', '/products/women/calcas3_f2.png', 'Product 93 Image 2', 93),
	(156, '2024-01-17 17:34:33.639428+00', '/products/women/calcao1_f1.png', 'Product 94 Image 1', 94),
	(157, '2024-01-17 17:34:48.389954+00', '/products/women/calcao1_f2.png', 'Product 94 Image 2', 94),
	(158, '2024-01-17 17:37:15.551029+00', '/products/women/calcao2_f1.png', 'Product 95 Image 1', 95),
	(159, '2024-01-17 17:37:39.226619+00', '/products/women/calcao2_f1.png', 'Product 95 Image 2', 95),
	(160, '2024-01-17 17:40:38.498175+00', '/products/women/calcao3_f1.png', 'Product 96 Image 1', 96),
	(161, '2024-01-17 17:40:55.512728+00', '/products/women/calcao3_f2.png', 'Product 96 Image 2', 96),
	(162, '2024-01-17 17:43:06.776206+00', '/products/women/saia1_f1.png', 'Product 97 Image 1', 97),
	(163, '2024-01-17 17:43:25.228799+00', '/products/women/saia1_f2.png', 'Product 97 Image 2', 97),
	(164, '2024-01-17 17:45:58.461903+00', '/products/women/saia2_f1.png', 'Product 98 Image 1', 98),
	(165, '2024-01-17 17:46:18.901295+00', '/products/women/saia2_f2.png', 'Product 98 Image 2', 98),
	(166, '2024-01-17 17:48:37.9365+00', '/products/women/saia3_f1.png', 'Product 99 Image 1', 99),
	(167, '2024-01-17 17:48:52.474442+00', '/products/women/saia3_f2.png', 'Product 99 Image 2', 99),
	(168, '2024-01-17 17:56:06.601474+00', '/products/women/leggings1_f1.png', 'Product 100 Image 1', 100),
	(169, '2024-01-17 17:56:23.324495+00', '/products/women/leggings1_f2.png', 'Product 100 Image 2', 100),
	(170, '2024-01-17 17:59:05.044821+00', '/products/women/leggings2_f1.png', 'Product 101 Image 1', 101),
	(171, '2024-01-17 17:59:23.852304+00', '/products/women/leggings2_f2.png', 'Product 101 Image 2', 101),
	(172, '2024-01-17 18:01:39.490405+00', '/products/women/leggings3_f1.png', 'Product 102 Image 1', 102),
	(173, '2024-01-17 18:01:56.349526+00', '/products/women/leggings3_f2.png', 'Product 102 Image 2', 102),
	(174, '2024-01-17 18:04:53.200776+00', '/products/women/vestido1_f1.png', 'Product 103 Image 1', 103),
	(175, '2024-01-17 18:05:08.440835+00', '/products/women/vestido1_f2.png', 'Product 103 Image 2', 103),
	(176, '2024-01-17 18:08:10.633756+00', '/products/women/vestido2_f1.png', 'Product 104 Image 1', 104),
	(177, '2024-01-17 18:08:25.068622+00', '/products/women/vestido2_f2.png', 'Product 104 Image 2', 104),
	(178, '2024-01-17 18:10:48.760922+00', '/products/women/vestido3_f1.png', 'Product 105 Image 1', 105),
	(179, '2024-01-17 18:11:04.58485+00', '/products/women/vestido3_f2.png', 'Product 105 Image 2', 105),
	(180, '2024-01-17 18:13:03.805698+00', '/products/women/macacao1_f1.png', 'Product 106 Image 1', 106),
	(182, '2024-01-17 18:13:26.450868+00', '/products/women/macacao1_f2.png', 'Product 106 Image 2', 106),
	(183, '2024-01-17 18:15:52.050588+00', '/products/women/macacao2_f1.png', 'Product 107 Image 1', 107),
	(184, '2024-01-17 18:16:14.278413+00', '/products/women/macacao2_f2.png', 'Product 107 Image 2', 107),
	(185, '2024-01-17 18:41:15.039291+00', '/products/women/sapatilhas1_f1.png', 'Product 108 Image 1', 108),
	(186, '2024-01-17 18:41:30.221303+00', '/products/women/sapatilhas1_f2.png', 'Product 108 Image 2', 108),
	(187, '2024-01-17 18:41:48.147575+00', '/products/women/sapatilhas1_f3.png', 'Product 108 Image 3', 108),
	(188, '2024-01-17 18:45:21.483781+00', '/products/women/sapatilhas2_f1.png', 'Product 109 Image 1', 109),
	(189, '2024-01-17 18:45:37.721851+00', '/products/women/sapatilhas2_f2.png', 'Product 109 Image 2', 109),
	(190, '2024-01-17 18:48:01.738524+00', '/products/women/sapatilhas3_f1.png', 'Product 110 Image 1', 110),
	(191, '2024-01-17 18:48:17.803273+00', '/products/women/sapatilhas3_f2.png', 'Product 110 Image 2', 110),
	(192, '2024-01-17 18:51:08.766424+00', '/products/women/sapatos1_f1.png', 'Product 111 Image 1', 111),
	(193, '2024-01-17 18:51:24.014291+00', '/products/women/sapatos1_f2.png', 'Product 111 Image 2', 111),
	(194, '2024-01-17 18:53:21.916857+00', '/products/women/sapatos2_f1.png', 'Product 112 Image 1', 112),
	(195, '2024-01-17 18:53:38.368352+00', '/products/women/sapatos2_f2.png', 'Product 112 Image 2', 112),
	(196, '2024-01-17 18:55:23.586699+00', '/products/women/sapatos3_f1.png', 'Product 113 Image 1', 113),
	(197, '2024-01-17 18:55:39.352547+00', '/products/women/sapatos3_f2.png', 'Product 113 Image 2', 113),
	(198, '2024-01-17 18:56:57.249138+00', '/products/women/bota1_f1.png', 'Product 114 Image 1', 114),
	(199, '2024-01-17 18:57:10.601353+00', '/products/women/bota1_f2.png', 'Product 114 Image 2', 114),
	(203, '2024-01-17 19:03:05.20078+00', '/products/women/bota3_f1.png', 'Product 116 Image 1', 116),
	(204, '2024-01-17 19:03:21.670305+00', '/products/women/bota3_f2.png', 'Product 116 Image 2', 116),
	(205, '2024-01-17 19:08:52.710053+00', '/products/women/sandalias1_f1.png', 'Product 117 Image 1', 117),
	(206, '2024-01-17 19:09:06.740508+00', '/products/women/sandalias1_f2.png', 'Product 117 Image 2', 117),
	(207, '2024-01-17 19:11:29.422822+00', '/products/women/sandalias2_f1.png', 'Product 118 Image 1', 118),
	(208, '2024-01-17 19:11:49.321636+00', '/products/women/sandalias2_f2.png', 'Product 118 Image 2', 118),
	(209, '2024-01-17 19:12:06.478981+00', '/products/women/sandalias2_f3.png', 'Product 118 Image 3', 118),
	(210, '2024-01-17 19:14:27.803601+00', '/products/women/sandalias3_f1.png', 'Product 119 Image 1', 119),
	(211, '2024-01-17 19:14:42.660977+00', '/products/women/sandalias3_f2.png', 'Product 119 Image 2', 119),
	(200, '2024-01-17 18:58:58.379966+00', '/products/women/bota4_f1.png', 'Product 115 Image 1', 115),
	(201, '2024-01-17 18:59:15.899073+00', '/products/women/bota4_f2.png', 'Product 115 Image 2', 115),
	(202, '2024-01-17 18:59:30.637601+00', '/products/women/bota4_f3.png', 'Product 115 Image 3', 115);


--
-- Data for Name: last_products_seen; Type: TABLE DATA; Schema: public; Owner: postgres
--

INSERT INTO "public"."last_products_seen" ("created_at", "id_product", "user_email") VALUES
	('2024-01-15 20:04:05.262658+00', 25, 'vascopinto.ps@gmail.com'),
	('2024-01-15 18:18:24.832881+00', 34, 'vascopinto.ps@gmail.com'),
	('2024-01-18 00:55:15.898248+00', 39, 'scaprojetoua@gmail.com'),
	('2024-01-18 09:58:04.706367+00', 67, 'tomaspaixao2002@gmail.com'),
	('2024-03-17 18:14:53.233699+00', 35, 'daznar2@gmail.com'),
	('2024-01-21 14:44:05.388736+00', 81, 'twovest.sustentavel@gmail.com'),
	('2024-01-18 10:13:24.11713+00', 45, 'jonatasroque1000@gmail.com'),
	('2024-03-17 23:31:50.807072+00', 45, 'goncalocalcada7@gmail.com'),
	('2024-01-16 23:25:22.421715+00', 29, 'scaprojetoua@gmail.com'),
	('2024-01-16 10:20:04.904298+00', 29, 'vascopinto.ps@gmail.com'),
	('2024-01-18 10:40:43.022954+00', 29, 'tomaspaixao2002@gmail.com'),
	('2024-01-15 20:06:51.674122+00', 45, 'vascopinto.ps@gmail.com'),
	('2024-01-18 10:42:54.835424+00', 119, 'tomaspaixao2002@gmail.com'),
	('2024-01-18 10:43:23.608972+00', 82, 'tomaspaixao2002@gmail.com'),
	('2024-01-17 19:00:52.277387+00', 18, 'twovest.sustentavel@gmail.com'),
	('2024-01-17 19:01:33.628206+00', 32, 'twovest.sustentavel@gmail.com'),
	('2024-01-17 22:15:18.38748+00', 53, 'daznar.1tv@gmail.com'),
	('2024-03-17 18:15:23.340692+00', 69, 'daznar2@gmail.com'),
	('2024-01-17 00:54:03.570428+00', 48, 'tomaspaixao2002@gmail.com'),
	('2024-01-17 23:02:18.431719+00', 63, 'daznar.1tv@gmail.com'),
	('2024-01-18 12:21:55.77061+00', 71, 'danif.gsilva2000@gmail.com'),
	('2024-01-18 12:22:02.569301+00', 70, 'danif.gsilva2000@gmail.com'),
	('2024-01-18 12:22:23.898438+00', 19, 'danif.gsilva2000@gmail.com'),
	('2024-01-17 05:57:34.722122+00', 44, 'jonatasroque1000@gmail.com'),
	('2024-01-18 12:23:27.9295+00', 77, 'danif.gsilva2000@gmail.com'),
	('2024-01-15 20:05:33.471322+00', 19, 'vascopinto.ps@gmail.com'),
	('2024-01-18 12:23:41.626458+00', 79, 'danif.gsilva2000@gmail.com'),
	('2024-01-18 12:24:02.7106+00', 109, 'danif.gsilva2000@gmail.com'),
	('2024-01-17 00:56:26.43722+00', 58, 'tomaspaixao2002@gmail.com'),
	('2024-01-17 06:11:14.196164+00', 25, 'jonatasroque1000@gmail.com'),
	('2024-01-16 12:01:15.979483+00', 53, 'vascopinto.ps@gmail.com'),
	('2024-01-17 23:51:45.988805+00', 68, 'scaprojetoua@gmail.com'),
	('2024-03-23 15:20:20.851791+00', 61, 'daznar2@gmail.com'),
	('2024-01-18 12:32:28.764641+00', 90, 'twovest.sustentavel@gmail.com'),
	('2024-01-17 06:58:18.74515+00', 53, 'twovest.sustentavel@gmail.com'),
	('2024-01-21 14:45:28.919128+00', 70, 'twovest.sustentavel@gmail.com'),
	('2024-01-17 07:01:17.859041+00', 68, 'jonatasroque1000@gmail.com'),
	('2024-01-18 00:10:25.231418+00', 53, 'tomaspaixao2002@gmail.com'),
	('2024-01-22 16:52:35.419085+00', 60, 'jonatas.roque9797@gmail.com'),
	('2024-01-18 12:44:42.324688+00', 78, 'jonatasroque1000@gmail.com'),
	('2024-01-18 00:33:50.299592+00', 68, 'daznar.1tv@gmail.com'),
	('2024-01-18 12:45:19.545099+00', 39, 'jonatasroque1000@gmail.com'),
	('2024-01-18 00:33:59.978898+00', 115, 'daznar.1tv@gmail.com'),
	('2024-01-18 00:34:05.296603+00', 67, 'daznar.1tv@gmail.com'),
	('2024-01-18 12:45:27.5431+00', 64, 'jonatasroque1000@gmail.com'),
	('2024-01-18 00:34:10.941732+00', 97, 'daznar.1tv@gmail.com'),
	('2024-01-18 12:45:35.111998+00', 62, 'jonatasroque1000@gmail.com'),
	('2024-01-22 16:58:06.25177+00', 62, 'jonatas.roque9797@gmail.com'),
	('2024-01-18 12:45:39.328593+00', 61, 'jonatasroque1000@gmail.com'),
	('2024-01-18 00:52:42.087252+00', 60, 'scaprojetoua@gmail.com'),
	('2024-01-18 00:52:50.399366+00', 45, 'scaprojetoua@gmail.com'),
	('2024-01-22 17:13:19.069332+00', 63, 'fernandosantosroque@gmail.com'),
	('2024-03-22 18:35:47.127073+00', 60, 'tomaspaixao2002@gmail.com'),
	('2024-01-22 17:43:38.549915+00', 60, 'jonatasroque1000@gmail.com'),
	('2024-01-18 13:45:19.911344+00', 69, 'danif.gsilva2000@gmail.com'),
	('2024-01-18 13:58:00.074453+00', 62, 'danif.gsilva2000@gmail.com'),
	('2024-01-18 14:13:16.431484+00', 63, 'danif.gsilva2000@gmail.com'),
	('2024-01-18 16:02:40.597134+00', 75, 'danif.gsilva2000@gmail.com'),
	('2024-01-18 16:03:04.779317+00', 81, 'danif.gsilva2000@gmail.com'),
	('2024-01-18 17:19:54.578657+00', 82, 'vascopinto.ps@gmail.com'),
	('2024-01-18 20:38:07.060002+00', 39, 'vascopinto.ps@gmail.com'),
	('2024-01-19 21:32:00.351868+00', 70, 'tomaspaixao2002@gmail.com'),
	('2024-01-20 14:19:05.614925+00', 60, 'danif.gsilva2000@gmail.com'),
	('2024-01-21 14:43:43.675405+00', 69, 'twovest.sustentavel@gmail.com'),
	('2024-01-25 10:32:09.73505+00', 45, 'fransiscouregaladou@gmail.com'),
	('2024-01-25 10:32:55.694702+00', 76, 'fransiscouregaladou@gmail.com'),
	('2024-02-18 11:48:21.573076+00', 61, 'vascopinto.ps@gmail.com'),
	('2024-03-31 04:18:00.812483+00', 74, 'goncalocalcada7@gmail.com'),
	('2024-01-28 14:59:13.332002+00', 63, 'jonatasroque1000@gmail.com'),
	('2024-03-17 23:10:59.278098+00', 62, 'goncalocalcada7@gmail.com'),
	('2024-01-29 17:08:48.092054+00', 75, 'fransiscouregaladou@gmail.com'),
	('2024-01-29 17:09:08.160009+00', 77, 'fransiscouregaladou@gmail.com'),
	('2024-02-14 11:16:16.842628+00', 69, 'jonatasroque1000@gmail.com'),
	('2024-02-14 11:23:13.983756+00', 66, 'jonatasroque1000@gmail.com'),
	('2024-02-15 12:05:40.592169+00', 41, 'goncalocalcada7@gmail.com'),
	('2024-02-18 12:25:28.451613+00', 60, 'vascopinto.ps@gmail.com'),
	('2024-02-24 19:33:55.400355+00', 71, 'tomaspaixao2002@gmail.com'),
	('2024-02-18 12:59:23.141585+00', 63, 'vascopinto.ps@gmail.com'),
	('2024-02-19 10:00:59.888253+00', 110, 'jonatasroque1000@gmail.com'),
	('2024-02-22 15:37:11.964903+00', 64, 'tomaspaixao2002@gmail.com'),
	('2024-02-26 10:32:32.981884+00', 41, 'vascopinto.ps@gmail.com'),
	('2024-03-22 18:28:33.444352+00', 63, 'tomaspaixao2002@gmail.com'),
	('2024-03-24 18:50:10.532538+00', 68, 'daznar2@gmail.com'),
	('2024-03-24 17:33:06.058354+00', 63, 'daznar2@gmail.com'),
	('2024-03-24 18:34:49.655453+00', 60, 'daznar2@gmail.com'),
	('2024-03-04 10:22:05.858963+00', 61, 'tomaspaixao2002@gmail.com'),
	('2024-03-04 17:46:07.599315+00', 64, 'goncalocalcada7@gmail.com'),
	('2024-03-24 18:51:42.256533+00', 67, 'daznar2@gmail.com'),
	('2024-03-26 18:49:09.627336+00', 24, 'daznar2@gmail.com'),
	('2024-03-26 19:02:39.038869+00', 62, 'daznar2@gmail.com'),
	('2024-03-30 22:13:22.535639+00', 25, 'goncalocalcada7@gmail.com'),
	('2024-03-08 15:07:55.947332+00', 66, 'tomaspaixao2002@gmail.com'),
	('2024-03-08 15:07:45.294063+00', 62, 'tomaspaixao2002@gmail.com'),
	('2024-03-30 22:48:54.923719+00', 40, 'goncalocalcada7@gmail.com'),
	('2024-03-09 18:45:14.378619+00', 99, 'daznar2@gmail.com'),
	('2024-03-31 04:17:35.14688+00', 85, 'goncalocalcada7@gmail.com'),
	('2024-03-09 19:00:21.22078+00', 65, 'daznar2@gmail.com'),
	('2024-03-17 13:02:46.484868+00', 61, 'goncalocalcada7@gmail.com'),
	('2024-03-17 15:53:39.828887+00', 69, 'goncalocalcada7@gmail.com'),
	('2024-03-17 16:18:29.53904+00', 63, 'goncalocalcada7@gmail.com'),
	('2024-03-17 18:19:22.593183+00', 74, 'daznar2@gmail.com'),
	('2024-03-17 17:26:04.522337+00', 17, 'daznar2@gmail.com'),
	('2024-03-18 18:20:17.784168+00', 61, 'jonatasroque@ua.pt'),
	('2024-03-23 13:47:24.722638+00', 47, 'daznar2@gmail.com'),
	('2024-03-26 18:33:27.380661+00', 64, 'daznar2@gmail.com'),
	('2024-03-30 23:11:42.689952+00', 36, 'goncalocalcada7@gmail.com'),
	('2024-03-30 23:12:18.015338+00', 58, 'goncalocalcada7@gmail.com'),
	('2024-03-31 03:45:23.81665+00', 115, 'goncalocalcada7@gmail.com'),
	('2024-03-31 04:19:04.82326+00', 60, 'goncalocalcada7@gmail.com');


--
-- Data for Name: looks_has_products; Type: TABLE DATA; Schema: public; Owner: postgres
--

INSERT INTO "public"."looks_has_products" ("id_look", "created_at", "id_product") VALUES
	(34, '2024-01-15 23:59:49.617804+00', 40),
	(35, '2024-01-16 00:05:51.30301+00', 52),
	(24, '2024-01-10 18:57:50.792255+00', 60),
	(25, '2024-01-10 18:57:57.485706+00', 61),
	(26, '2024-01-10 19:03:58.255897+00', 62),
	(26, '2024-01-10 18:58:04.638768+00', 119),
	(27, '2024-01-10 18:58:10.614274+00', 63),
	(28, '2024-01-10 18:58:18.119576+00', 64),
	(29, '2024-01-10 19:04:04.966129+00', 65),
	(29, '2024-01-10 18:58:28.002375+00', 66),
	(30, '2024-01-10 18:58:37.090986+00', 67),
	(31, '2024-01-10 19:04:10.895079+00', 68),
	(31, '2024-01-10 18:58:44.233488+00', 118),
	(32, '2024-01-10 18:58:51.917696+00', 69),
	(33, '2024-01-10 18:58:57.906401+00', 70),
	(33, '2024-01-10 19:04:24.523386+00', 117),
	(33, '2024-01-10 19:04:16.736064+00', 99),
	(2, '2024-01-10 19:05:00.763153+00', 83),
	(4, '2024-01-16 22:00:57.505502+00', 81),
	(1, '2024-01-10 18:55:04.474231+00', 82),
	(1, '2024-01-10 19:02:43.063166+00', 115),
	(5, '2024-01-10 18:55:30.340695+00', 83),
	(5, '2024-01-10 19:02:54.233663+00', 96),
	(6, '2024-01-10 18:55:37.990508+00', 89),
	(7, '2024-01-10 18:55:44.647951+00', 91),
	(23, '2024-01-10 18:57:42.577796+00', 90),
	(23, '2024-01-10 19:03:44.894984+00', 110),
	(3, '2024-01-10 18:55:18.429295+00', 95),
	(3, '2024-01-10 19:02:48.103278+00', 109),
	(21, '2024-01-10 18:57:29.217972+00', 82),
	(22, '2024-01-10 19:04:46.692246+00', 65),
	(22, '2024-01-10 19:03:39.371718+00', 100),
	(22, '2024-01-10 18:57:34.312879+00', 113),
	(8, '2024-01-10 19:03:00.360378+00', 56),
	(8, '2024-01-10 18:55:51.500601+00', 22),
	(9, '2024-01-10 19:03:07.298966+00', 36),
	(9, '2024-01-10 18:56:02.827392+00', 20),
	(10, '2024-01-10 18:56:15.498553+00', 18),
	(11, '2024-01-10 18:56:21.442965+00', 36),
	(11, '2024-01-11 16:06:11.643073+00', 58),
	(12, '2024-01-10 19:03:13.809298+00', 48),
	(12, '2024-01-10 18:56:28.901556+00', 42),
	(13, '2024-01-10 18:56:34.861803+00', 30),
	(14, '2024-01-10 18:56:41.05954+00', 38),
	(15, '2024-01-10 18:56:46.61467+00', 24),
	(15, '2024-01-10 19:03:19.580563+00', 58),
	(16, '2024-01-10 18:56:52.865791+00', 34),
	(17, '2024-01-10 18:57:01.526304+00', 42),
	(18, '2024-01-10 19:03:27.040635+00', 48),
	(18, '2024-01-10 19:04:32.120257+00', 32),
	(18, '2024-01-10 18:57:09.237088+00', 56),
	(19, '2024-01-10 19:03:33.412903+00', 56),
	(19, '2024-01-10 18:57:16.28707+00', 22),
	(20, '2024-01-10 18:57:23.014137+00', 50);


--
-- Data for Name: styles; Type: TABLE DATA; Schema: public; Owner: postgres
--

INSERT INTO "public"."styles" ("id", "created_at", "name") VALUES
	(1, '2024-01-03 12:30:54.699949+00', 'Urbano'),
	(2, '2024-01-03 12:30:54.699949+00', 'Casual'),
	(3, '2024-01-03 12:30:54.699949+00', 'Clássico'),
	(4, '2024-01-03 12:30:54.699949+00', 'Premium'),
	(5, '2024-01-03 12:30:54.699949+00', 'Festa'),
	(6, '2024-01-03 12:30:54.699949+00', 'Cidade'),
	(7, '2024-01-03 12:30:54.699949+00', 'Punk'),
	(8, '2024-01-03 12:30:54.699949+00', 'Gótico'),
	(9, '2024-01-03 12:30:54.699949+00', 'Vintage'),
	(10, '2024-01-03 12:30:54.699949+00', 'Exótico'),
	(11, '2024-01-03 12:30:54.699949+00', 'Minimalista');


--
-- Data for Name: looks_has_styles; Type: TABLE DATA; Schema: public; Owner: postgres
--

INSERT INTO "public"."looks_has_styles" ("id_look", "created_at", "id_style") VALUES
	(1, '2024-01-10 18:46:56.653318+00', 1),
	(2, '2024-01-10 18:47:08.004464+00', 2),
	(3, '2024-01-10 18:49:32.508069+00', 7),
	(4, '2024-01-10 18:49:39.096772+00', 7),
	(5, '2024-01-10 18:49:45.081671+00', 4),
	(6, '2024-01-10 18:49:56.367201+00', 11),
	(7, '2024-01-10 18:50:03.559472+00', 9),
	(8, '2024-01-10 18:50:11.73879+00', 4),
	(9, '2024-01-10 18:50:18.84252+00', 3),
	(10, '2024-01-10 18:50:26.07873+00', 2),
	(11, '2024-01-10 18:50:33.365947+00', 10),
	(12, '2024-01-10 18:50:39.22556+00', 9),
	(13, '2024-01-10 18:50:45.813312+00', 8),
	(14, '2024-01-10 18:50:53.420062+00', 7),
	(15, '2024-01-10 18:50:59.94882+00', 6),
	(16, '2024-01-10 18:51:06.692383+00', 5),
	(17, '2024-01-10 18:51:13.561253+00', 4),
	(18, '2024-01-10 18:51:21.092805+00', 3),
	(19, '2024-01-10 18:51:27.89313+00', 2),
	(20, '2024-01-10 18:51:36.690239+00', 1),
	(21, '2024-01-10 18:51:44.400032+00', 11),
	(22, '2024-01-10 18:51:51.354579+00', 10),
	(23, '2024-01-10 18:51:58.323517+00', 9),
	(24, '2024-01-10 18:52:04.983548+00', 8),
	(25, '2024-01-10 18:52:15.091325+00', 7),
	(26, '2024-01-10 18:52:22.615085+00', 11),
	(27, '2024-01-10 18:52:28.294434+00', 10),
	(28, '2024-01-10 18:52:36.43151+00', 9),
	(29, '2024-01-10 18:52:44.884682+00', 6),
	(30, '2024-01-10 18:52:51.620921+00', 7),
	(31, '2024-01-10 18:52:58.264722+00', 7),
	(32, '2024-01-10 18:53:09.321033+00', 5),
	(33, '2024-01-10 18:53:17.069096+00', 11),
	(1, '2024-01-10 18:59:43.646538+00', 5),
	(2, '2024-01-10 18:59:57.166758+00', 1),
	(3, '2024-01-10 19:00:04.151271+00', 6),
	(4, '2024-01-10 19:00:10.379272+00', 8),
	(13, '2024-01-10 19:00:25.36127+00', 3),
	(19, '2024-01-10 19:00:33.100773+00', 6),
	(24, '2024-01-10 19:00:41.266498+00', 11),
	(26, '2024-01-10 19:00:48.985636+00', 4),
	(27, '2024-01-10 19:00:55.912807+00', 8),
	(28, '2024-01-10 19:01:02.679859+00', 1),
	(13, '2024-01-10 19:02:16.023723+00', 4),
	(19, '2024-01-10 19:02:22.813811+00', 11),
	(34, '2024-01-16 00:00:03.40225+00', 8),
	(35, '2024-01-16 00:06:05.136022+00', 11);


--
-- Data for Name: materials; Type: TABLE DATA; Schema: public; Owner: postgres
--

INSERT INTO "public"."materials" ("id", "created_at", "name") VALUES
	(5, '2024-01-03 11:22:26.392781+00', 'Poliéster'),
	(6, '2024-01-03 11:22:26.392781+00', 'Lã'),
	(7, '2024-01-03 11:22:26.392781+00', 'Seda'),
	(8, '2024-01-03 11:22:26.392781+00', 'Linhol'),
	(9, '2024-01-03 11:22:26.392781+00', 'Viscose'),
	(10, '2024-01-03 11:22:26.392781+00', 'Elastano'),
	(11, '2024-01-03 11:22:26.392781+00', 'Denim'),
	(12, '2024-01-03 11:22:26.392781+00', 'Couro'),
	(13, '2024-01-03 11:22:26.392781+00', 'Nylon'),
	(14, '2024-01-03 11:22:26.392781+00', 'Spandex'),
	(15, '2024-01-03 11:22:26.392781+00', 'Tule'),
	(16, '2024-01-03 11:22:26.392781+00', 'Chiffon'),
	(17, '2024-01-03 11:22:26.392781+00', 'Cetim'),
	(18, '2024-01-03 11:22:26.392781+00', 'Jersey'),
	(19, '2024-01-03 11:22:26.392781+00', 'Flanela'),
	(20, '2024-01-03 11:22:26.392781+00', 'Veludo'),
	(21, '2024-01-03 11:22:26.392781+00', 'Organza'),
	(22, '2024-01-03 11:22:26.392781+00', 'Microfibra'),
	(23, '2024-01-03 11:22:26.392781+00', 'Modal'),
	(24, '2024-01-03 11:22:26.392781+00', 'Camurça'),
	(25, '2024-01-03 11:22:26.392781+00', 'Lona'),
	(26, '2024-01-03 11:22:26.392781+00', 'Corda'),
	(27, '2024-01-03 11:22:26.392781+00', 'Juta'),
	(28, '2024-01-03 11:22:26.392781+00', 'Acrílico'),
	(29, '2024-01-03 11:22:26.392781+00', 'Plástico'),
	(30, '2024-01-03 11:22:26.392781+00', 'Metal'),
	(31, '2024-01-03 11:22:26.392781+00', 'Madeira'),
	(32, '2024-01-03 11:22:26.392781+00', 'Vinil'),
	(33, '2024-01-03 11:22:26.392781+00', 'Feltro'),
	(34, '2024-01-03 11:22:26.392781+00', 'Borracha'),
	(35, '2024-01-03 11:22:26.392781+00', 'Palha'),
	(36, '2024-01-03 11:22:26.392781+00', 'Papel'),
	(37, '2024-01-03 11:22:26.392781+00', 'Pérolas'),
	(38, '2024-01-03 11:22:26.392781+00', 'Tecido estampado'),
	(39, '2024-01-03 11:22:26.392781+00', 'Pedras preciosas'),
	(40, '2024-01-03 11:22:26.392781+00', 'Tecido de veludo'),
	(41, '2024-01-03 11:22:26.392781+00', 'Ráfia'),
	(42, '2024-01-03 11:22:26.392781+00', 'Neoprene'),
	(43, '2024-01-03 11:22:26.392781+00', 'Gore-Tex'),
	(44, '2024-01-03 11:22:26.392781+00', 'Mesh'),
	(45, '2024-01-03 11:22:26.392781+00', 'Nobuck'),
	(46, '2024-01-03 11:22:26.392781+00', 'Poliuretano (PU)'),
	(47, '2024-01-03 11:22:26.392781+00', 'EVA'),
	(48, '2024-01-03 11:22:26.392781+00', 'Microfibra sintética'),
	(49, '2024-01-03 11:22:26.392781+00', 'Bambu'),
	(50, '2024-01-03 11:22:26.392781+00', 'Cortiça'),
	(51, '2024-01-03 11:22:26.392781+00', 'Sintético envernizado'),
	(52, '2024-01-03 11:22:26.392781+00', 'Denim'),
	(53, '2024-01-03 11:22:26.392781+00', 'Malha de jacquard'),
	(4, '2024-01-03 11:22:26.392781+00', 'Algodão');


--
-- Data for Name: products_has_materials; Type: TABLE DATA; Schema: public; Owner: postgres
--

INSERT INTO "public"."products_has_materials" ("created_at", "id_product", "id_material") VALUES
	('2024-01-03 12:10:27.410629+00', 14, 37),
	('2024-01-17 05:46:22.032342+00', 61, 20),
	('2024-01-17 05:51:34.662474+00', 62, 24),
	('2024-01-17 05:55:06.550331+00', 63, 10),
	('2024-01-17 06:02:32.896869+00', 64, 5),
	('2024-01-17 06:10:30.934708+00', 66, 6),
	('2024-01-17 06:16:33.881192+00', 67, 18),
	('2024-01-17 06:20:26.843831+00', 68, 13),
	('2024-01-17 06:29:36.375915+00', 69, 48),
	('2024-01-17 07:08:25.637551+00', 71, 15),
	('2024-01-17 07:12:11.890201+00', 72, 11),
	('2024-01-17 07:15:52.791121+00', 73, 12),
	('2024-01-17 07:26:13.399739+00', 75, 16),
	('2024-01-17 07:29:30.432489+00', 76, 4),
	('2024-01-17 07:35:24.887058+00', 77, 24),
	('2024-01-17 07:41:05.400592+00', 78, 26),
	('2024-01-17 07:48:18.833007+00', 79, 15),
	('2024-01-17 07:53:10.897995+00', 80, 14),
	('2024-01-17 07:58:13.791632+00', 81, 12),
	('2024-01-17 08:01:34.359445+00', 82, 5),
	('2024-01-17 08:06:12.993223+00', 83, 29),
	('2024-01-17 16:31:11.966657+00', 84, 16),
	('2024-01-17 16:34:40.371018+00', 85, 19),
	('2024-01-17 16:51:58.112288+00', 86, 21),
	('2024-01-17 16:56:04.115479+00', 87, 23),
	('2024-01-17 17:01:21.114983+00', 88, 25),
	('2024-01-17 17:05:49.417865+00', 89, 27),
	('2024-01-17 17:22:53.827483+00', 90, 29),
	('2024-01-17 17:26:56.393383+00', 91, 31),
	('2024-01-17 17:29:47.73692+00', 92, 33),
	('2024-01-17 17:32:38.224547+00', 93, 35),
	('2024-01-17 17:35:39.512462+00', 94, 37),
	('2024-01-17 17:38:57.619544+00', 95, 39),
	('2024-01-17 17:41:35.50625+00', 96, 41),
	('2024-01-17 17:44:20.368284+00', 97, 43),
	('2024-01-17 17:47:09.761512+00', 98, 45),
	('2024-01-17 17:49:48.703824+00', 99, 47),
	('2024-01-17 17:57:24.485044+00', 100, 49),
	('2024-01-17 18:00:21.442065+00', 101, 6),
	('2024-01-17 18:02:51.140895+00', 102, 8),
	('2024-01-17 18:06:58.538594+00', 103, 10),
	('2024-01-17 18:09:06.229574+00', 104, 12),
	('2024-01-17 18:11:53.806247+00', 105, 14),
	('2024-01-17 18:14:25.121951+00', 106, 16),
	('2024-01-17 18:17:16.64757+00', 107, 17),
	('2024-01-17 18:46:30.944898+00', 109, 5),
	('2024-01-17 18:52:15.658493+00', 111, 19),
	('2024-01-17 18:55:48.960656+00', 113, 13),
	('2024-01-17 19:00:50.680953+00', 115, 6),
	('2024-01-17 19:09:33.726735+00', 117, 17),
	('2024-01-17 19:15:51.166092+00', 119, 29),
	('2024-01-03 12:10:27.410629+00', 14, 7),
	('2024-01-03 12:10:27.410629+00', 14, 15),
	('2024-01-03 12:10:27.410629+00', 14, 23),
	('2024-01-03 12:10:27.410629+00', 15, 12),
	('2024-01-03 12:10:27.410629+00', 15, 26),
	('2024-01-03 12:10:27.410629+00', 16, 25),
	('2024-01-03 12:10:27.410629+00', 16, 34),
	('2024-01-03 12:10:27.410629+00', 17, 8),
	('2024-01-03 12:10:27.410629+00', 17, 19),
	('2024-01-03 12:10:27.410629+00', 17, 42),
	('2024-01-03 12:10:27.410629+00', 18, 18),
	('2024-01-03 12:10:27.410629+00', 18, 31),
	('2024-01-03 12:10:27.410629+00', 19, 23),
	('2024-01-03 12:10:27.410629+00', 19, 40),
	('2024-01-03 12:10:27.410629+00', 20, 30),
	('2024-01-03 12:10:27.410629+00', 20, 5),
	('2024-01-03 12:10:27.410629+00', 21, 15),
	('2024-01-03 12:10:27.410629+00', 21, 29),
	('2024-01-03 12:10:27.410629+00', 22, 40),
	('2024-01-03 12:10:27.410629+00', 22, 9),
	('2024-01-03 12:10:27.410629+00', 23, 10),
	('2024-01-03 12:10:27.410629+00', 23, 22),
	('2024-01-03 12:10:27.410629+00', 24, 13),
	('2024-01-03 12:10:27.410629+00', 24, 28),
	('2024-01-03 12:10:27.410629+00', 25, 28),
	('2024-01-03 12:10:27.410629+00', 25, 7),
	('2024-01-03 12:10:27.410629+00', 26, 5),
	('2024-01-03 12:10:27.410629+00', 26, 33),
	('2024-01-03 12:10:27.410629+00', 27, 22),
	('2024-01-03 12:10:27.410629+00', 27, 41),
	('2024-01-03 12:10:27.410629+00', 28, 35),
	('2024-01-03 12:10:27.410629+00', 28, 19),
	('2024-01-03 12:10:27.410629+00', 29, 17),
	('2024-01-03 12:10:27.410629+00', 29, 25),
	('2024-01-03 12:10:27.410629+00', 30, 29),
	('2024-01-03 12:10:27.410629+00', 30, 14),
	('2024-01-03 12:10:27.410629+00', 31, 9),
	('2024-01-03 12:10:27.410629+00', 31, 39),
	('2024-01-03 12:10:27.410629+00', 32, 24),
	('2024-01-03 12:10:27.410629+00', 32, 13),
	('2024-01-03 12:10:27.410629+00', 33, 33),
	('2024-01-03 12:10:27.410629+00', 33, 7),
	('2024-01-03 12:10:27.410629+00', 34, 14),
	('2024-01-03 12:10:27.410629+00', 34, 26),
	('2024-01-03 12:10:27.410629+00', 35, 19),
	('2024-01-03 12:10:27.410629+00', 35, 32),
	('2024-01-03 12:10:27.410629+00', 36, 38),
	('2024-01-03 12:10:27.410629+00', 36, 15),
	('2024-01-03 12:10:27.410629+00', 37, 21),
	('2024-01-03 12:10:27.410629+00', 37, 30),
	('2024-01-03 12:10:27.410629+00', 38, 6),
	('2024-01-03 12:10:27.410629+00', 38, 11),
	('2024-01-03 12:10:27.410629+00', 39, 11),
	('2024-01-03 12:10:27.410629+00', 39, 20),
	('2024-01-03 12:10:27.410629+00', 40, 26),
	('2024-01-03 12:10:27.410629+00', 40, 37),
	('2024-01-03 12:10:27.410629+00', 41, 8),
	('2024-01-03 12:10:27.410629+00', 42, 28),
	('2024-01-03 12:10:27.410629+00', 42, 16),
	('2024-01-03 12:10:27.410629+00', 43, 9),
	('2024-01-03 12:10:27.410629+00', 43, 14),
	('2024-01-03 12:10:27.410629+00', 44, 16),
	('2024-01-03 12:10:27.410629+00', 44, 33),
	('2024-01-03 12:10:27.410629+00', 45, 31),
	('2024-01-03 12:10:27.410629+00', 45, 19),
	('2024-01-03 12:10:27.410629+00', 46, 7),
	('2024-01-03 12:10:27.410629+00', 46, 23),
	('2024-01-03 12:10:27.410629+00', 47, 20),
	('2024-01-03 12:10:27.410629+00', 47, 34),
	('2024-01-03 12:10:27.410629+00', 48, 4),
	('2024-01-03 12:10:27.410629+00', 48, 13),
	('2024-01-03 12:10:27.410629+00', 49, 8),
	('2024-01-03 12:10:27.410629+00', 49, 42),
	('2024-01-03 12:10:27.410629+00', 50, 41),
	('2024-01-03 12:10:27.410629+00', 50, 18),
	('2024-01-03 12:10:27.410629+00', 51, 14),
	('2024-01-03 12:10:27.410629+00', 51, 32),
	('2024-01-03 12:10:27.410629+00', 52, 27),
	('2024-01-03 12:10:27.410629+00', 52, 9),
	('2024-01-03 12:10:27.410629+00', 53, 36),
	('2024-01-03 12:10:27.410629+00', 53, 26),
	('2024-01-03 12:10:27.410629+00', 54, 19),
	('2024-01-03 12:10:27.410629+00', 54, 23),
	('2024-01-03 12:10:27.410629+00', 55, 23),
	('2024-01-03 12:10:27.410629+00', 55, 40),
	('2024-01-03 12:10:27.410629+00', 56, 12),
	('2024-01-03 12:10:27.410629+00', 56, 7),
	('2024-01-03 12:10:27.410629+00', 57, 32),
	('2024-01-03 12:10:27.410629+00', 57, 13),
	('2024-01-03 12:10:27.410629+00', 58, 5),
	('2024-01-03 12:10:27.410629+00', 58, 18),
	('2024-01-03 12:10:27.410629+00', 59, 18),
	('2024-01-03 12:10:27.410629+00', 59, 22),
	('2024-01-17 05:39:32.844839+00', 60, 6),
	('2024-01-17 05:46:31.427471+00', 61, 8),
	('2024-01-17 05:51:41.9692+00', 62, 7),
	('2024-01-17 06:02:19.260746+00', 64, 17),
	('2024-01-17 06:06:35.781734+00', 65, 7),
	('2024-01-17 06:16:26.646886+00', 67, 6),
	('2024-01-17 06:20:20.795142+00', 68, 12),
	('2024-01-17 06:29:27.6477+00', 69, 15),
	('2024-01-17 07:04:00.82306+00', 70, 4),
	('2024-01-17 07:08:33.847279+00', 71, 30),
	('2024-01-17 07:12:18.796018+00', 72, 51),
	('2024-01-17 07:22:41.590607+00', 74, 18),
	('2024-01-17 07:26:20.516823+00', 75, 49),
	('2024-01-17 07:29:37.905941+00', 76, 47),
	('2024-01-17 07:35:31.594602+00', 77, 25),
	('2024-01-17 07:41:11.865605+00', 78, 27),
	('2024-01-17 07:48:27.211852+00', 79, 16),
	('2024-01-17 07:53:17.581615+00', 80, 13),
	('2024-01-17 07:58:19.251135+00', 81, 11),
	('2024-01-17 08:01:42.312835+00', 82, 46),
	('2024-01-17 08:06:19.482491+00', 83, 49),
	('2024-01-17 16:31:19.55146+00', 84, 17),
	('2024-01-17 16:34:48.694243+00', 85, 20),
	('2024-01-17 16:52:04.233303+00', 86, 22),
	('2024-01-17 16:56:11.875816+00', 87, 24),
	('2024-01-17 17:01:26.309253+00', 88, 26),
	('2024-01-17 17:05:57.213873+00', 89, 28),
	('2024-01-17 17:23:00.016026+00', 90, 30),
	('2024-01-17 17:27:03.731604+00', 91, 32),
	('2024-01-17 17:29:56.331183+00', 92, 34),
	('2024-01-17 17:32:45.852585+00', 93, 36),
	('2024-01-17 17:35:48.881862+00', 94, 38),
	('2024-01-17 17:39:04.193451+00', 95, 40),
	('2024-01-17 17:41:42.145583+00', 96, 42),
	('2024-01-17 17:44:29.090736+00', 97, 44),
	('2024-01-17 17:47:16.832488+00', 98, 46),
	('2024-01-17 17:49:55.467075+00', 99, 48),
	('2024-01-17 17:57:30.394801+00', 100, 50),
	('2024-01-17 18:00:14.582276+00', 101, 5),
	('2024-01-17 18:02:42.426492+00', 102, 7),
	('2024-01-17 18:06:51.989451+00', 103, 9),
	('2024-01-17 18:09:01.599682+00', 104, 11),
	('2024-01-17 18:11:47.933304+00', 105, 13),
	('2024-01-17 18:14:18.66894+00', 106, 15),
	('2024-01-17 18:17:09.747476+00', 107, 16),
	('2024-01-17 18:42:59.540974+00', 108, 12),
	('2024-01-17 18:49:44.16112+00', 110, 17),
	('2024-01-17 18:54:20.568821+00', 112, 31),
	('2024-01-17 18:57:41.175769+00', 114, 34),
	('2024-01-17 19:00:34.975724+00', 115, 15),
	('2024-01-17 19:06:58.914945+00', 116, 7),
	('2024-01-17 19:13:06.308172+00', 118, 31);


--
-- Data for Name: products_has_styles; Type: TABLE DATA; Schema: public; Owner: postgres
--

INSERT INTO "public"."products_has_styles" ("id_product", "created_at", "id_style") VALUES
	(14, '2024-01-03 12:39:11.728866+00', 1),
	(15, '2024-01-03 12:39:11.728866+00', 2),
	(16, '2024-01-03 12:39:11.728866+00', 3),
	(17, '2024-01-03 12:39:11.728866+00', 4),
	(18, '2024-01-03 12:39:11.728866+00', 5),
	(19, '2024-01-03 12:39:11.728866+00', 6),
	(20, '2024-01-03 12:39:11.728866+00', 7),
	(21, '2024-01-03 12:39:11.728866+00', 8),
	(22, '2024-01-03 12:39:11.728866+00', 9),
	(23, '2024-01-03 12:39:11.728866+00', 10),
	(24, '2024-01-03 12:39:11.728866+00', 11),
	(25, '2024-01-03 12:39:11.728866+00', 1),
	(26, '2024-01-03 12:39:11.728866+00', 2),
	(27, '2024-01-03 12:39:11.728866+00', 3),
	(28, '2024-01-03 12:39:11.728866+00', 4),
	(29, '2024-01-03 12:39:11.728866+00', 5),
	(30, '2024-01-03 12:39:11.728866+00', 6),
	(31, '2024-01-03 12:39:11.728866+00', 7),
	(32, '2024-01-03 12:39:11.728866+00', 8),
	(33, '2024-01-03 12:39:11.728866+00', 9),
	(34, '2024-01-03 12:39:11.728866+00', 10),
	(35, '2024-01-03 12:39:11.728866+00', 11),
	(36, '2024-01-03 12:39:11.728866+00', 1),
	(37, '2024-01-03 12:39:11.728866+00', 2),
	(38, '2024-01-03 12:39:11.728866+00', 3),
	(39, '2024-01-03 12:39:11.728866+00', 4),
	(40, '2024-01-03 12:39:11.728866+00', 5),
	(41, '2024-01-03 12:39:11.728866+00', 6),
	(42, '2024-01-03 12:39:11.728866+00', 7),
	(43, '2024-01-03 12:39:11.728866+00', 8),
	(44, '2024-01-03 12:39:11.728866+00', 9),
	(45, '2024-01-03 12:39:11.728866+00', 10),
	(46, '2024-01-03 12:39:11.728866+00', 11),
	(47, '2024-01-03 12:39:11.728866+00', 1),
	(48, '2024-01-03 12:39:11.728866+00', 2),
	(49, '2024-01-03 12:39:11.728866+00', 3),
	(50, '2024-01-03 12:39:11.728866+00', 4),
	(51, '2024-01-03 12:39:11.728866+00', 5),
	(52, '2024-01-03 12:39:11.728866+00', 6),
	(53, '2024-01-03 12:39:11.728866+00', 7),
	(54, '2024-01-03 12:39:11.728866+00', 8),
	(55, '2024-01-03 12:39:11.728866+00', 9),
	(56, '2024-01-03 12:39:11.728866+00', 10),
	(57, '2024-01-03 12:39:11.728866+00', 11),
	(58, '2024-01-03 12:39:11.728866+00', 1),
	(59, '2024-01-03 12:39:11.728866+00', 2),
	(60, '2024-01-17 05:39:45.646733+00', 9),
	(61, '2024-01-17 05:46:42.06377+00', 6),
	(61, '2024-01-17 05:46:48.670758+00', 1),
	(62, '2024-01-17 05:51:51.825452+00', 3),
	(63, '2024-01-17 05:55:14.449726+00', 11),
	(64, '2024-01-17 06:02:54.185809+00', 5),
	(65, '2024-01-17 06:06:45.544267+00', 11),
	(66, '2024-01-17 06:10:39.866965+00', 1),
	(67, '2024-01-17 06:16:43.109054+00', 11),
	(67, '2024-01-17 06:16:51.283099+00', 2),
	(68, '2024-01-17 06:20:35.346366+00', 8),
	(69, '2024-01-17 06:29:48.287019+00', 4),
	(70, '2024-01-17 07:04:15.979386+00', 8),
	(70, '2024-01-17 07:04:25.415564+00', 3),
	(71, '2024-01-17 07:08:41.444276+00', 1),
	(71, '2024-01-17 07:09:00.410178+00', 7),
	(72, '2024-01-17 07:12:28.817009+00', 4),
	(72, '2024-01-17 07:12:34.995579+00', 2),
	(73, '2024-01-17 07:16:02.788186+00', 11),
	(74, '2024-01-17 07:22:50.333375+00', 11),
	(74, '2024-01-17 07:22:56.833787+00', 10),
	(75, '2024-01-17 07:26:30.332298+00', 4),
	(75, '2024-01-17 07:26:40.563235+00', 7),
	(76, '2024-01-17 07:29:46.657487+00', 9),
	(76, '2024-01-17 07:29:56.029612+00', 3),
	(77, '2024-01-17 07:36:02.336855+00', 1),
	(77, '2024-01-17 07:36:09.848578+00', 2),
	(78, '2024-01-17 07:41:23.801957+00', 5),
	(78, '2024-01-17 07:41:33.644573+00', 9),
	(79, '2024-01-17 07:48:46.621289+00', 8),
	(79, '2024-01-17 07:48:56.448079+00', 3),
	(80, '2024-01-17 07:53:28.678744+00', 10),
	(80, '2024-01-17 07:53:35.364882+00', 1),
	(81, '2024-01-17 07:58:29.769948+00', 10),
	(81, '2024-01-17 07:58:36.35596+00', 6),
	(82, '2024-01-17 08:01:51.647598+00', 7),
	(82, '2024-01-17 08:02:00.336589+00', 5),
	(83, '2024-01-17 08:06:27.796774+00', 5),
	(83, '2024-01-17 08:06:33.893157+00', 2),
	(84, '2024-01-17 16:31:29.362734+00', 7),
	(84, '2024-01-17 16:31:39.028302+00', 1),
	(85, '2024-01-17 16:43:30.533009+00', 3),
	(85, '2024-01-17 16:43:36.291753+00', 4),
	(86, '2024-01-17 16:52:17.759452+00', 9),
	(86, '2024-01-17 16:52:25.681397+00', 8),
	(87, '2024-01-17 16:57:50.545482+00', 1),
	(87, '2024-01-17 16:57:55.385428+00', 2),
	(88, '2024-01-17 17:01:33.214228+00', 3),
	(88, '2024-01-17 17:01:48.833008+00', 4),
	(89, '2024-01-17 17:06:07.777938+00', 5),
	(89, '2024-01-17 17:06:14.776589+00', 6),
	(90, '2024-01-17 17:23:11.130288+00', 7),
	(90, '2024-01-17 17:23:17.08817+00', 8),
	(91, '2024-01-17 17:27:12.886743+00', 9),
	(91, '2024-01-17 17:27:19.426493+00', 10),
	(92, '2024-01-17 17:30:16.630936+00', 11),
	(92, '2024-01-17 17:30:22.354104+00', 1),
	(93, '2024-01-17 17:33:00.439108+00', 2),
	(93, '2024-01-17 17:33:10.215426+00', 3),
	(94, '2024-01-17 17:36:05.546854+00', 4),
	(94, '2024-01-17 17:36:12.026161+00', 5),
	(95, '2024-01-17 17:39:12.417006+00', 6),
	(95, '2024-01-17 17:39:19.884238+00', 7),
	(96, '2024-01-17 17:41:54.107217+00', 8),
	(96, '2024-01-17 17:42:01.774588+00', 9),
	(97, '2024-01-17 17:44:40.875575+00', 10),
	(97, '2024-01-17 17:44:46.819509+00', 11),
	(98, '2024-01-17 17:47:25.453431+00', 1),
	(98, '2024-01-17 17:47:30.221606+00', 2),
	(99, '2024-01-17 17:50:03.466588+00', 3),
	(99, '2024-01-17 17:50:10.488771+00', 4),
	(100, '2024-01-17 17:57:42.577808+00', 5),
	(100, '2024-01-17 17:58:01.725885+00', 6),
	(101, '2024-01-17 18:00:30.825875+00', 7),
	(101, '2024-01-17 18:00:38.115621+00', 8),
	(102, '2024-01-17 18:03:03.028899+00', 9),
	(102, '2024-01-17 18:03:09.59011+00', 10),
	(103, '2024-01-17 18:07:09.552266+00', 11),
	(103, '2024-01-17 18:07:14.310294+00', 1),
	(104, '2024-01-17 18:09:13.90767+00', 2),
	(104, '2024-01-17 18:09:18.384656+00', 3),
	(105, '2024-01-17 18:12:04.230712+00', 4),
	(105, '2024-01-17 18:12:10.24616+00', 5),
	(106, '2024-01-17 18:14:33.530577+00', 6),
	(106, '2024-01-17 18:14:39.733701+00', 7),
	(107, '2024-01-17 18:17:25.533001+00', 8),
	(107, '2024-01-17 18:17:33.363175+00', 9),
	(108, '2024-01-17 18:43:08.815768+00', 1),
	(108, '2024-01-17 18:43:16.316263+00', 11),
	(109, '2024-01-17 18:46:38.310811+00', 9),
	(110, '2024-01-17 18:49:54.020938+00', 6),
	(111, '2024-01-17 18:52:23.87486+00', 11),
	(112, '2024-01-17 18:54:27.767583+00', 4),
	(113, '2024-01-17 18:55:55.694609+00', 10),
	(14, '2024-01-17 18:57:49.802794+00', 7),
	(114, '2024-01-17 19:01:53.178446+00', 2),
	(115, '2024-01-17 19:02:00.057318+00', 10),
	(116, '2024-01-17 19:07:06.50416+00', 6),
	(116, '2024-01-17 19:07:11.387526+00', 7),
	(117, '2024-01-17 19:09:42.038539+00', 1),
	(117, '2024-01-17 19:09:47.078407+00', 2),
	(118, '2024-01-17 19:13:14.697196+00', 3),
	(118, '2024-01-17 19:13:25.306019+00', 6),
	(119, '2024-01-17 19:16:07.614464+00', 5);


--
-- Data for Name: purchases; Type: TABLE DATA; Schema: public; Owner: postgres
--

INSERT INTO "public"."purchases" ("id", "created_at", "delivery_date", "total", "shipping_cost", "tracking_code", "points_earned", "status", "id_user") VALUES
	(1, '2024-03-16 10:07:52.071385+00', '2024-03-29 10:07:36+00', 50.65, 0, 'CTT-30121922', 50, 0, 52),
	(2, '2024-03-16 10:10:54.525007+00', '2024-03-08 10:10:15+00', 72.59, 0, 'CTT-551818', 72, 1, 32),
	(3, '2024-03-16 10:16:17.162573+00', '2024-03-18 10:13:19+00', 29.99, 0, 'CTT-751928', 29, 2, 40),
	(4, '2024-03-16 18:49:15.137326+00', '2024-03-27 18:49:19+00', 17.50, 0, 'CTT-551953', 17, 0, 82),
	(5, '2024-03-02 18:51:09+00', '2024-03-07 18:51:03+00', 45.99, 0, 'CTT-10111913', 45, 1, 82),
	(6, '2024-03-16 18:52:46.324559+00', '2024-03-18 18:52:40+00', 21.35, 0, 'Encomenda Cancelada', 0, 2, 82),
	(7, '2024-03-16 18:54:07.488745+00', '2024-03-21 18:54:30+00', 9.99, 0, 'CTT-2491976', 9, 0, 82);


--
-- Data for Name: purchases_has_coupons; Type: TABLE DATA; Schema: public; Owner: postgres
--

INSERT INTO "public"."purchases_has_coupons" ("created_at", "id_purchase", "id_coupon") VALUES
	('2024-03-17 09:49:15.015622+00', 4, 6);


--
-- Data for Name: purchases_has_offers; Type: TABLE DATA; Schema: public; Owner: postgres
--

INSERT INTO "public"."purchases_has_offers" ("created_at", "id_purchase", "id_offer") VALUES
	('2024-03-16 10:08:46.289743+00', 1, 604),
	('2024-03-16 10:11:18.352161+00', 2, 606),
	('2024-03-16 10:11:38.111935+00', 2, 605),
	('2024-03-16 10:16:57.018355+00', 3, 602),
	('2024-03-16 18:49:33.210921+00', 4, 571),
	('2024-03-16 18:51:48.983429+00', 5, 570),
	('2024-03-16 18:52:02.601055+00', 5, 569),
	('2024-03-16 18:53:12.092024+00', 6, 565),
	('2024-03-16 18:54:43.374433+00', 7, 561);


--
-- Data for Name: users_has_coupons; Type: TABLE DATA; Schema: public; Owner: postgres
--

INSERT INTO "public"."users_has_coupons" ("created_at", "id_coupon", "id_user", "quantity") VALUES
	('2024-03-15 08:23:37.959126+00', 3, 37, 1),
	('2024-03-15 08:49:45.264777+00', 2, 40, 5),
	('2024-03-15 08:50:57.86263+00', 2, 42, 1),
	('2024-03-14 19:32:36.163282+00', 3, 28, 2),
	('2024-03-15 09:06:50.220138+00', 2, 29, 1),
	('2024-03-15 09:07:38.594622+00', 1, 43, 3),
	('2024-03-15 09:16:01.702002+00', 2, 33, 3),
	('2024-03-15 09:17:12.618278+00', 2, 38, 3),
	('2024-03-15 09:22:42.480789+00', 4, 30, 4);
